time,sound,probability
0.0,Music,0.6856203079223633
0.01,Music,0.6856203079223633
0.02,Music,0.6856203079223633
0.03,Music,0.6856203079223633
0.04,Music,0.6856203079223633
0.05,Music,0.6856203079223633
0.06,Music,0.6856203079223633
0.07,Music,0.6856203079223633
0.08,Music,0.6856203079223633
0.09,Music,0.6856203079223633
0.1,Music,0.6856203079223633
0.11,Music,0.6856203079223633
0.12,Music,0.6856203079223633
0.13,Music,0.6856203079223633
0.14,Music,0.6856203079223633
0.15,Music,0.6856203079223633
0.16,Music,0.6856203079223633
0.17,Music,0.6856203079223633
0.18,Music,0.6856203079223633
0.19,Music,0.6856203079223633
0.2,Music,0.6856203079223633
0.21,Music,0.6856203079223633
0.22,Music,0.6856203079223633
0.23,Music,0.6856203079223633
0.24,Music,0.6856203079223633
0.25,Music,0.6856203079223633
0.26,Music,0.6856203079223633
0.27,Music,0.6856203079223633
0.28,Music,0.6856203079223633
0.29,Music,0.6856203079223633
0.3,Music,0.6856203079223633
0.31,Music,0.6856203079223633
0.32,Music,0.7038106918334961
0.33,Music,0.7038106918334961
0.34,Music,0.7038106918334961
0.35,Music,0.7038106918334961
0.36,Music,0.7038106918334961
0.37,Music,0.7038106918334961
0.38,Music,0.7038106918334961
0.39,Music,0.7038106918334961
0.4,Music,0.7038106918334961
0.41,Music,0.7038106918334961
0.42,Music,0.7038106918334961
0.43,Music,0.7038106918334961
0.44,Music,0.7038106918334961
0.45,Music,0.7038106918334961
0.46,Music,0.7038106918334961
0.47,Music,0.7038106918334961
0.48,Music,0.7038106918334961
0.49,Music,0.7038106918334961
0.5,Music,0.7038106918334961
0.51,Music,0.7038106918334961
0.52,Music,0.7038106918334961
0.53,Music,0.7038106918334961
0.54,Music,0.7038106918334961
0.55,Music,0.7038106918334961
0.56,Music,0.7038106918334961
0.57,Music,0.7038106918334961
0.58,Music,0.7038106918334961
0.59,Music,0.7038106918334961
0.6,Music,0.7038106918334961
0.61,Music,0.7038106918334961
0.62,Music,0.7038106918334961
0.63,Music,0.7038106918334961
0.64,Music,0.6640105247497559
0.65,Music,0.6640105247497559
0.66,Music,0.6640105247497559
0.67,Music,0.6640105247497559
0.68,Music,0.6640105247497559
0.69,Music,0.6640105247497559
0.7,Music,0.6640105247497559
0.71,Music,0.6640105247497559
0.72,Music,0.6640105247497559
0.73,Music,0.6640105247497559
0.74,Music,0.6640105247497559
0.75,Music,0.6640105247497559
0.76,Music,0.6640105247497559
0.77,Music,0.6640105247497559
0.78,Music,0.6640105247497559
0.79,Music,0.6640105247497559
0.8,Music,0.6640105247497559
0.81,Music,0.6640105247497559
0.82,Music,0.6640105247497559
0.83,Music,0.6640105247497559
0.84,Music,0.6640105247497559
0.85,Music,0.6640105247497559
0.86,Music,0.6640105247497559
0.87,Music,0.6640105247497559
0.88,Music,0.6640105247497559
0.89,Music,0.6640105247497559
0.9,Music,0.6640105247497559
0.91,Music,0.6640105247497559
0.92,Music,0.6640105247497559
0.93,Music,0.6640105247497559
0.94,Music,0.6640105247497559
0.95,Music,0.6640105247497559
0.96,Music,0.6838719248771667
0.97,Music,0.6838719248771667
0.98,Music,0.6838719248771667
0.99,Music,0.6838719248771667
1.0,Music,0.6838719248771667
1.01,Music,0.6838719248771667
1.02,Music,0.6838719248771667
1.03,Music,0.6838719248771667
1.04,Music,0.6838719248771667
1.05,Music,0.6838719248771667
1.06,Music,0.6838719248771667
1.07,Music,0.6838719248771667
1.08,Music,0.6838719248771667
1.09,Music,0.6838719248771667
1.1,Music,0.6838719248771667
1.11,Music,0.6838719248771667
1.12,Music,0.6838719248771667
1.13,Music,0.6838719248771667
1.14,Music,0.6838719248771667
1.15,Music,0.6838719248771667
1.16,Music,0.6838719248771667
1.17,Music,0.6838719248771667
1.18,Music,0.6838719248771667
1.19,Music,0.6838719248771667
1.2,Music,0.6838719248771667
1.21,Music,0.6838719248771667
1.22,Music,0.6838719248771667
1.23,Music,0.6838719248771667
1.24,Music,0.6838719248771667
1.25,Music,0.6838719248771667
1.26,Music,0.6838719248771667
1.27,Music,0.6838719248771667
1.28,Music,0.6650757193565369
1.29,Music,0.6650757193565369
1.3,Music,0.6650757193565369
1.31,Music,0.6650757193565369
1.32,Music,0.6650757193565369
1.33,Music,0.6650757193565369
1.34,Music,0.6650757193565369
1.35,Music,0.6650757193565369
1.36,Music,0.6650757193565369
1.37,Music,0.6650757193565369
1.38,Music,0.6650757193565369
1.39,Music,0.6650757193565369
1.4,Music,0.6650757193565369
1.41,Music,0.6650757193565369
1.42,Music,0.6650757193565369
1.43,Music,0.6650757193565369
1.44,Music,0.6650757193565369
1.45,Music,0.6650757193565369
1.46,Music,0.6650757193565369
1.47,Music,0.6650757193565369
1.48,Music,0.6650757193565369
1.49,Music,0.6650757193565369
1.5,Music,0.6650757193565369
1.51,Music,0.6650757193565369
1.52,Music,0.6650757193565369
1.53,Music,0.6650757193565369
1.54,Music,0.6650757193565369
1.55,Music,0.6650757193565369
1.56,Music,0.6650757193565369
1.57,Music,0.6650757193565369
1.58,Music,0.6650757193565369
1.59,Music,0.6650757193565369
1.6,Music,0.6588886380195618
1.61,Music,0.6588886380195618
1.62,Music,0.6588886380195618
1.63,Music,0.6588886380195618
1.64,Music,0.6588886380195618
1.65,Music,0.6588886380195618
1.66,Music,0.6588886380195618
1.67,Music,0.6588886380195618
1.68,Music,0.6588886380195618
1.69,Music,0.6588886380195618
1.7,Music,0.6588886380195618
1.71,Music,0.6588886380195618
1.72,Music,0.6588886380195618
1.73,Music,0.6588886380195618
1.74,Music,0.6588886380195618
1.75,Music,0.6588886380195618
1.76,Music,0.6588886380195618
1.77,Music,0.6588886380195618
1.78,Music,0.6588886380195618
1.79,Music,0.6588886380195618
1.8,Music,0.6588886380195618
1.81,Music,0.6588886380195618
1.82,Music,0.6588886380195618
1.83,Music,0.6588886380195618
1.84,Music,0.6588886380195618
1.85,Music,0.6588886380195618
1.86,Music,0.6588886380195618
1.87,Music,0.6588886380195618
1.88,Music,0.6588886380195618
1.89,Music,0.6588886380195618
1.9,Music,0.6588886380195618
1.91,Music,0.6588886380195618
1.92,Music,0.5985259413719177
1.93,Music,0.5985259413719177
1.94,Music,0.5985259413719177
1.95,Music,0.5985259413719177
1.96,Music,0.5985259413719177
1.97,Music,0.5985259413719177
1.98,Music,0.5985259413719177
1.99,Music,0.5985259413719177
2.0,Music,0.5985259413719177
2.01,Music,0.5985259413719177
2.02,Music,0.5985259413719177
2.03,Music,0.5985259413719177
2.04,Music,0.5985259413719177
2.05,Music,0.5985259413719177
2.06,Music,0.5985259413719177
2.07,Music,0.5985259413719177
2.08,Music,0.5985259413719177
2.09,Music,0.5985259413719177
2.1,Music,0.5985259413719177
2.11,Music,0.5985259413719177
2.12,Music,0.5985259413719177
2.13,Music,0.5985259413719177
2.14,Music,0.5985259413719177
2.15,Music,0.5985259413719177
2.16,Music,0.5985259413719177
2.17,Music,0.5985259413719177
2.18,Music,0.5985259413719177
2.19,Music,0.5985259413719177
2.2,Music,0.5985259413719177
2.21,Music,0.5985259413719177
2.22,Music,0.5985259413719177
2.23,Music,0.5985259413719177
2.24,Music,0.6590635776519775
2.25,Music,0.6590635776519775
2.26,Music,0.6590635776519775
2.27,Music,0.6590635776519775
2.28,Music,0.6590635776519775
2.29,Music,0.6590635776519775
2.3,Music,0.6590635776519775
2.31,Music,0.6590635776519775
2.32,Music,0.6590635776519775
2.33,Music,0.6590635776519775
2.34,Music,0.6590635776519775
2.35,Music,0.6590635776519775
2.36,Music,0.6590635776519775
2.37,Music,0.6590635776519775
2.38,Music,0.6590635776519775
2.39,Music,0.6590635776519775
2.4,Music,0.6590635776519775
2.41,Music,0.6590635776519775
2.42,Music,0.6590635776519775
2.43,Music,0.6590635776519775
2.44,Music,0.6590635776519775
2.45,Music,0.6590635776519775
2.46,Music,0.6590635776519775
2.47,Music,0.6590635776519775
2.48,Music,0.6590635776519775
2.49,Music,0.6590635776519775
2.5,Music,0.6590635776519775
2.51,Music,0.6590635776519775
2.52,Music,0.6590635776519775
2.53,Music,0.6590635776519775
2.54,Music,0.6590635776519775
2.55,Music,0.6590635776519775
2.56,Music,0.7040470838546753
2.57,Music,0.7040470838546753
2.58,Music,0.7040470838546753
2.59,Music,0.7040470838546753
2.6,Music,0.7040470838546753
2.61,Music,0.7040470838546753
2.62,Music,0.7040470838546753
2.63,Music,0.7040470838546753
2.64,Music,0.7040470838546753
2.65,Music,0.7040470838546753
2.66,Music,0.7040470838546753
2.67,Music,0.7040470838546753
2.68,Music,0.7040470838546753
2.69,Music,0.7040470838546753
2.7,Music,0.7040470838546753
2.71,Music,0.7040470838546753
2.72,Music,0.7040470838546753
2.73,Music,0.7040470838546753
2.74,Music,0.7040470838546753
2.75,Music,0.7040470838546753
2.76,Music,0.7040470838546753
2.77,Music,0.7040470838546753
2.78,Music,0.7040470838546753
2.79,Music,0.7040470838546753
2.8,Music,0.7040470838546753
2.81,Music,0.7040470838546753
2.82,Music,0.7040470838546753
2.83,Music,0.7040470838546753
2.84,Music,0.7040470838546753
2.85,Music,0.7040470838546753
2.86,Music,0.7040470838546753
2.87,Music,0.7040470838546753
2.88,Music,0.7481619715690613
2.89,Music,0.7481619715690613
2.9,Music,0.7481619715690613
2.91,Music,0.7481619715690613
2.92,Music,0.7481619715690613
2.93,Music,0.7481619715690613
2.94,Music,0.7481619715690613
2.95,Music,0.7481619715690613
2.96,Music,0.7481619715690613
2.97,Music,0.7481619715690613
2.98,Music,0.7481619715690613
2.99,Music,0.7481619715690613
3.0,Music,0.7481619715690613
3.01,Music,0.7481619715690613
3.02,Music,0.7481619715690613
3.03,Music,0.7481619715690613
3.04,Music,0.7481619715690613
3.05,Music,0.7481619715690613
3.06,Music,0.7481619715690613
3.07,Music,0.7481619715690613
3.08,Music,0.7481619715690613
3.09,Music,0.7481619715690613
3.1,Music,0.7481619715690613
3.11,Music,0.7481619715690613
3.12,Music,0.7481619715690613
3.13,Music,0.7481619715690613
3.14,Music,0.7481619715690613
3.15,Music,0.7481619715690613
3.16,Music,0.7481619715690613
3.17,Music,0.7481619715690613
3.18,Music,0.7481619715690613
3.19,Music,0.7481619715690613
3.2,Music,0.7402954697608948
3.21,Music,0.7402954697608948
3.22,Music,0.7402954697608948
3.23,Music,0.7402954697608948
3.24,Music,0.7402954697608948
3.25,Music,0.7402954697608948
3.26,Music,0.7402954697608948
3.27,Music,0.7402954697608948
3.28,Music,0.7402954697608948
3.29,Music,0.7402954697608948
3.3,Music,0.7402954697608948
3.31,Music,0.7402954697608948
3.32,Music,0.7402954697608948
3.33,Music,0.7402954697608948
3.34,Music,0.7402954697608948
3.35,Music,0.7402954697608948
3.36,Music,0.7402954697608948
3.37,Music,0.7402954697608948
3.38,Music,0.7402954697608948
3.39,Music,0.7402954697608948
3.4,Music,0.7402954697608948
3.41,Music,0.7402954697608948
3.42,Music,0.7402954697608948
3.43,Music,0.7402954697608948
3.44,Music,0.7402954697608948
3.45,Music,0.7402954697608948
3.46,Music,0.7402954697608948
3.47,Music,0.7402954697608948
3.48,Music,0.7402954697608948
3.49,Music,0.7402954697608948
3.5,Music,0.7402954697608948
3.51,Music,0.7402954697608948
3.52,Music,0.7232003808021545
3.53,Music,0.7232003808021545
3.54,Music,0.7232003808021545
3.55,Music,0.7232003808021545
3.56,Music,0.7232003808021545
3.57,Music,0.7232003808021545
3.58,Music,0.7232003808021545
3.59,Music,0.7232003808021545
3.6,Music,0.7232003808021545
3.61,Music,0.7232003808021545
3.62,Music,0.7232003808021545
3.63,Music,0.7232003808021545
3.64,Music,0.7232003808021545
3.65,Music,0.7232003808021545
3.66,Music,0.7232003808021545
3.67,Music,0.7232003808021545
3.68,Music,0.7232003808021545
3.69,Music,0.7232003808021545
3.7,Music,0.7232003808021545
3.71,Music,0.7232003808021545
3.72,Music,0.7232003808021545
3.73,Music,0.7232003808021545
3.74,Music,0.7232003808021545
3.75,Music,0.7232003808021545
3.76,Music,0.7232003808021545
3.77,Music,0.7232003808021545
3.78,Music,0.7232003808021545
3.79,Music,0.7232003808021545
3.8,Music,0.7232003808021545
3.81,Music,0.7232003808021545
3.82,Music,0.7232003808021545
3.83,Music,0.7232003808021545
3.84,Music,0.6692859530448914
3.85,Music,0.6692859530448914
3.86,Music,0.6692859530448914
3.87,Music,0.6692859530448914
3.88,Music,0.6692859530448914
3.89,Music,0.6692859530448914
3.9,Music,0.6692859530448914
3.91,Music,0.6692859530448914
3.92,Music,0.6692859530448914
3.93,Music,0.6692859530448914
3.94,Music,0.6692859530448914
3.95,Music,0.6692859530448914
3.96,Music,0.6692859530448914
3.97,Music,0.6692859530448914
3.98,Music,0.6692859530448914
3.99,Music,0.6692859530448914
4.0,Music,0.6692859530448914
4.01,Music,0.6692859530448914
4.02,Music,0.6692859530448914
4.03,Music,0.6692859530448914
4.04,Music,0.6692859530448914
4.05,Music,0.6692859530448914
4.06,Music,0.6692859530448914
4.07,Music,0.6692859530448914
4.08,Music,0.6692859530448914
4.09,Music,0.6692859530448914
4.1,Music,0.6692859530448914
4.11,Music,0.6692859530448914
4.12,Music,0.6692859530448914
4.13,Music,0.6692859530448914
4.14,Music,0.6692859530448914
4.15,Music,0.6692859530448914
4.16,Music,0.6782329678535461
4.17,Music,0.6782329678535461
4.18,Music,0.6782329678535461
4.19,Music,0.6782329678535461
4.2,Music,0.6782329678535461
4.21,Music,0.6782329678535461
4.22,Music,0.6782329678535461
4.23,Music,0.6782329678535461
4.24,Music,0.6782329678535461
4.25,Music,0.6782329678535461
4.26,Music,0.6782329678535461
4.27,Music,0.6782329678535461
4.28,Music,0.6782329678535461
4.29,Music,0.6782329678535461
4.3,Music,0.6782329678535461
4.31,Music,0.6782329678535461
4.32,Music,0.6782329678535461
4.33,Music,0.6782329678535461
4.34,Music,0.6782329678535461
4.35,Music,0.6782329678535461
4.36,Music,0.6782329678535461
4.37,Music,0.6782329678535461
4.38,Music,0.6782329678535461
4.39,Music,0.6782329678535461
4.4,Music,0.6782329678535461
4.41,Music,0.6782329678535461
4.42,Music,0.6782329678535461
4.43,Music,0.6782329678535461
4.44,Music,0.6782329678535461
4.45,Music,0.6782329678535461
4.46,Music,0.6782329678535461
4.47,Music,0.6782329678535461
4.48,Music,0.7268238663673401
4.49,Music,0.7268238663673401
4.5,Music,0.7268238663673401
4.51,Music,0.7268238663673401
4.52,Music,0.7268238663673401
4.53,Music,0.7268238663673401
4.54,Music,0.7268238663673401
4.55,Music,0.7268238663673401
4.56,Music,0.7268238663673401
4.57,Music,0.7268238663673401
4.58,Music,0.7268238663673401
4.59,Music,0.7268238663673401
4.6,Music,0.7268238663673401
4.61,Music,0.7268238663673401
4.62,Music,0.7268238663673401
4.63,Music,0.7268238663673401
4.64,Music,0.7268238663673401
4.65,Music,0.7268238663673401
4.66,Music,0.7268238663673401
4.67,Music,0.7268238663673401
4.68,Music,0.7268238663673401
4.69,Music,0.7268238663673401
4.7,Music,0.7268238663673401
4.71,Music,0.7268238663673401
4.72,Music,0.7268238663673401
4.73,Music,0.7268238663673401
4.74,Music,0.7268238663673401
4.75,Music,0.7268238663673401
4.76,Music,0.7268238663673401
4.77,Music,0.7268238663673401
4.78,Music,0.7268238663673401
4.79,Music,0.7268238663673401
4.8,Music,0.7916451692581177
4.81,Music,0.7916451692581177
4.82,Music,0.7916451692581177
4.83,Music,0.7916451692581177
4.84,Music,0.7916451692581177
4.85,Music,0.7916451692581177
4.86,Music,0.7916451692581177
4.87,Music,0.7916451692581177
4.88,Music,0.7916451692581177
4.89,Music,0.7916451692581177
4.9,Music,0.7916451692581177
4.91,Music,0.7916451692581177
4.92,Music,0.7916451692581177
4.93,Music,0.7916451692581177
4.94,Music,0.7916451692581177
4.95,Music,0.7916451692581177
4.96,Music,0.7916451692581177
4.97,Music,0.7916451692581177
4.98,Music,0.7916451692581177
4.99,Music,0.7916451692581177
5.0,Music,0.7916451692581177
5.01,Music,0.7916451692581177
5.02,Music,0.7916451692581177
5.03,Music,0.7916451692581177
5.04,Music,0.7916451692581177
5.05,Music,0.7916451692581177
5.06,Music,0.7916451692581177
5.07,Music,0.7916451692581177
5.08,Music,0.7916451692581177
5.09,Music,0.7916451692581177
5.1,Music,0.7916451692581177
5.11,Music,0.7916451692581177
5.12,Music,0.8051816821098328
5.13,Music,0.8051816821098328
5.14,Music,0.8051816821098328
5.15,Music,0.8051816821098328
5.16,Music,0.8051816821098328
5.17,Music,0.8051816821098328
5.18,Music,0.8051816821098328
5.19,Music,0.8051816821098328
5.2,Music,0.8051816821098328
5.21,Music,0.8051816821098328
5.22,Music,0.8051816821098328
5.23,Music,0.8051816821098328
5.24,Music,0.8051816821098328
5.25,Music,0.8051816821098328
5.26,Music,0.8051816821098328
5.27,Music,0.8051816821098328
5.28,Music,0.8051816821098328
5.29,Music,0.8051816821098328
5.3,Music,0.8051816821098328
5.31,Music,0.8051816821098328
5.32,Music,0.8051816821098328
5.33,Music,0.8051816821098328
5.34,Music,0.8051816821098328
5.35,Music,0.8051816821098328
5.36,Music,0.8051816821098328
5.37,Music,0.8051816821098328
5.38,Music,0.8051816821098328
5.39,Music,0.8051816821098328
5.4,Music,0.8051816821098328
5.41,Music,0.8051816821098328
5.42,Music,0.8051816821098328
5.43,Music,0.8051816821098328
5.44,Music,0.8132697343826294
5.45,Music,0.8132697343826294
5.46,Music,0.8132697343826294
5.47,Music,0.8132697343826294
5.48,Music,0.8132697343826294
5.49,Music,0.8132697343826294
5.5,Music,0.8132697343826294
5.51,Music,0.8132697343826294
5.52,Music,0.8132697343826294
5.53,Music,0.8132697343826294
5.54,Music,0.8132697343826294
5.55,Music,0.8132697343826294
5.56,Music,0.8132697343826294
5.57,Music,0.8132697343826294
5.58,Music,0.8132697343826294
5.59,Music,0.8132697343826294
5.6,Music,0.8132697343826294
5.61,Music,0.8132697343826294
5.62,Music,0.8132697343826294
5.63,Music,0.8132697343826294
5.64,Music,0.8132697343826294
5.65,Music,0.8132697343826294
5.66,Music,0.8132697343826294
5.67,Music,0.8132697343826294
5.68,Music,0.8132697343826294
5.69,Music,0.8132697343826294
5.7,Music,0.8132697343826294
5.71,Music,0.8132697343826294
5.72,Music,0.8132697343826294
5.73,Music,0.8132697343826294
5.74,Music,0.8132697343826294
5.75,Music,0.8132697343826294
5.76,Music,0.7703667879104614
5.77,Music,0.7703667879104614
5.78,Music,0.7703667879104614
5.79,Music,0.7703667879104614
5.8,Music,0.7703667879104614
5.81,Music,0.7703667879104614
5.82,Music,0.7703667879104614
5.83,Music,0.7703667879104614
5.84,Music,0.7703667879104614
5.85,Music,0.7703667879104614
5.86,Music,0.7703667879104614
5.87,Music,0.7703667879104614
5.88,Music,0.7703667879104614
5.89,Music,0.7703667879104614
5.9,Music,0.7703667879104614
5.91,Music,0.7703667879104614
5.92,Music,0.7703667879104614
5.93,Music,0.7703667879104614
5.94,Music,0.7703667879104614
5.95,Music,0.7703667879104614
5.96,Music,0.7703667879104614
5.97,Music,0.7703667879104614
5.98,Music,0.7703667879104614
5.99,Music,0.7703667879104614
6.0,Music,0.7703667879104614
6.01,Music,0.7703667879104614
6.02,Music,0.7703667879104614
6.03,Music,0.7703667879104614
6.04,Music,0.7703667879104614
6.05,Music,0.7703667879104614
6.06,Music,0.7703667879104614
6.07,Music,0.7703667879104614
6.08,Music,0.724137544631958
6.09,Music,0.724137544631958
6.1,Music,0.724137544631958
6.11,Music,0.724137544631958
6.12,Music,0.724137544631958
6.13,Music,0.724137544631958
6.14,Music,0.724137544631958
6.15,Music,0.724137544631958
6.16,Music,0.724137544631958
6.17,Music,0.724137544631958
6.18,Music,0.724137544631958
6.19,Music,0.724137544631958
6.2,Music,0.724137544631958
6.21,Music,0.724137544631958
6.22,Music,0.724137544631958
6.23,Music,0.724137544631958
6.24,Music,0.724137544631958
6.25,Music,0.724137544631958
6.26,Music,0.724137544631958
6.27,Music,0.724137544631958
6.28,Music,0.724137544631958
6.29,Music,0.724137544631958
6.3,Music,0.724137544631958
6.31,Music,0.724137544631958
6.32,Music,0.724137544631958
6.33,Music,0.724137544631958
6.34,Music,0.724137544631958
6.35,Music,0.724137544631958
6.36,Music,0.724137544631958
6.37,Music,0.724137544631958
6.38,Music,0.724137544631958
6.39,Music,0.724137544631958
6.4,Music,0.6494508385658264
6.41,Music,0.6494508385658264
6.42,Music,0.6494508385658264
6.43,Music,0.6494508385658264
6.44,Music,0.6494508385658264
6.45,Music,0.6494508385658264
6.46,Music,0.6494508385658264
6.47,Music,0.6494508385658264
6.48,Music,0.6494508385658264
6.49,Music,0.6494508385658264
6.5,Music,0.6494508385658264
6.51,Music,0.6494508385658264
6.52,Music,0.6494508385658264
6.53,Music,0.6494508385658264
6.54,Music,0.6494508385658264
6.55,Music,0.6494508385658264
6.56,Music,0.6494508385658264
6.57,Music,0.6494508385658264
6.58,Music,0.6494508385658264
6.59,Music,0.6494508385658264
6.6,Music,0.6494508385658264
6.61,Music,0.6494508385658264
6.62,Music,0.6494508385658264
6.63,Music,0.6494508385658264
6.64,Music,0.6494508385658264
6.65,Music,0.6494508385658264
6.66,Music,0.6494508385658264
6.67,Music,0.6494508385658264
6.68,Music,0.6494508385658264
6.69,Music,0.6494508385658264
6.7,Music,0.6494508385658264
6.71,Music,0.6494508385658264
6.72,Music,0.6569669246673584
6.73,Music,0.6569669246673584
6.74,Music,0.6569669246673584
6.75,Music,0.6569669246673584
6.76,Music,0.6569669246673584
6.77,Music,0.6569669246673584
6.78,Music,0.6569669246673584
6.79,Music,0.6569669246673584
6.8,Music,0.6569669246673584
6.81,Music,0.6569669246673584
6.82,Music,0.6569669246673584
6.83,Music,0.6569669246673584
6.84,Music,0.6569669246673584
6.85,Music,0.6569669246673584
6.86,Music,0.6569669246673584
6.87,Music,0.6569669246673584
6.88,Music,0.6569669246673584
6.89,Music,0.6569669246673584
6.9,Music,0.6569669246673584
6.91,Music,0.6569669246673584
6.92,Music,0.6569669246673584
6.93,Music,0.6569669246673584
6.94,Music,0.6569669246673584
6.95,Music,0.6569669246673584
6.96,Music,0.6569669246673584
6.97,Music,0.6569669246673584
6.98,Music,0.6569669246673584
6.99,Music,0.6569669246673584
7.0,Music,0.6569669246673584
7.01,Music,0.6569669246673584
7.02,Music,0.6569669246673584
7.03,Music,0.6569669246673584
7.04,Music,0.6425807476043701
7.05,Music,0.6425807476043701
7.06,Music,0.6425807476043701
7.07,Music,0.6425807476043701
7.08,Music,0.6425807476043701
7.09,Music,0.6425807476043701
7.1,Music,0.6425807476043701
7.11,Music,0.6425807476043701
7.12,Music,0.6425807476043701
7.13,Music,0.6425807476043701
7.14,Music,0.6425807476043701
7.15,Music,0.6425807476043701
7.16,Music,0.6425807476043701
7.17,Music,0.6425807476043701
7.18,Music,0.6425807476043701
7.19,Music,0.6425807476043701
7.2,Music,0.6425807476043701
7.21,Music,0.6425807476043701
7.22,Music,0.6425807476043701
7.23,Music,0.6425807476043701
7.24,Music,0.6425807476043701
7.25,Music,0.6425807476043701
7.26,Music,0.6425807476043701
7.27,Music,0.6425807476043701
7.28,Music,0.6425807476043701
7.29,Music,0.6425807476043701
7.3,Music,0.6425807476043701
7.31,Music,0.6425807476043701
7.32,Music,0.6425807476043701
7.33,Music,0.6425807476043701
7.34,Music,0.6425807476043701
7.35,Music,0.6425807476043701
7.36,Music,0.6595141291618347
7.37,Music,0.6595141291618347
7.38,Music,0.6595141291618347
7.39,Music,0.6595141291618347
7.4,Music,0.6595141291618347
7.41,Music,0.6595141291618347
7.42,Music,0.6595141291618347
7.43,Music,0.6595141291618347
7.44,Music,0.6595141291618347
7.45,Music,0.6595141291618347
7.46,Music,0.6595141291618347
7.47,Music,0.6595141291618347
7.48,Music,0.6595141291618347
7.49,Music,0.6595141291618347
7.5,Music,0.6595141291618347
7.51,Music,0.6595141291618347
7.52,Music,0.6595141291618347
7.53,Music,0.6595141291618347
7.54,Music,0.6595141291618347
7.55,Music,0.6595141291618347
7.56,Music,0.6595141291618347
7.57,Music,0.6595141291618347
7.58,Music,0.6595141291618347
7.59,Music,0.6595141291618347
7.6,Music,0.6595141291618347
7.61,Music,0.6595141291618347
7.62,Music,0.6595141291618347
7.63,Music,0.6595141291618347
7.64,Music,0.6595141291618347
7.65,Music,0.6595141291618347
7.66,Music,0.6595141291618347
7.67,Music,0.6595141291618347
7.68,Music,0.659233808517456
7.69,Music,0.659233808517456
7.7,Music,0.659233808517456
7.71,Music,0.659233808517456
7.72,Music,0.659233808517456
7.73,Music,0.659233808517456
7.74,Music,0.659233808517456
7.75,Music,0.659233808517456
7.76,Music,0.659233808517456
7.77,Music,0.659233808517456
7.78,Music,0.659233808517456
7.79,Music,0.659233808517456
7.8,Music,0.659233808517456
7.81,Music,0.659233808517456
7.82,Music,0.659233808517456
7.83,Music,0.659233808517456
7.84,Music,0.659233808517456
7.85,Music,0.659233808517456
7.86,Music,0.659233808517456
7.87,Music,0.659233808517456
7.88,Music,0.659233808517456
7.89,Music,0.659233808517456
7.9,Music,0.659233808517456
7.91,Music,0.659233808517456
7.92,Music,0.659233808517456
7.93,Music,0.659233808517456
7.94,Music,0.659233808517456
7.95,Music,0.659233808517456
7.96,Music,0.659233808517456
7.97,Music,0.659233808517456
7.98,Music,0.659233808517456
7.99,Music,0.659233808517456
8.0,Music,0.6749610900878906
8.01,Music,0.6749610900878906
8.02,Music,0.6749610900878906
8.03,Music,0.6749610900878906
8.04,Music,0.6749610900878906
8.05,Music,0.6749610900878906
8.06,Music,0.6749610900878906
8.07,Music,0.6749610900878906
8.08,Music,0.6749610900878906
8.09,Music,0.6749610900878906
8.1,Music,0.6749610900878906
8.11,Music,0.6749610900878906
8.12,Music,0.6749610900878906
8.13,Music,0.6749610900878906
8.14,Music,0.6749610900878906
8.15,Music,0.6749610900878906
8.16,Music,0.6749610900878906
8.17,Music,0.6749610900878906
8.18,Music,0.6749610900878906
8.19,Music,0.6749610900878906
8.2,Music,0.6749610900878906
8.21,Music,0.6749610900878906
8.22,Music,0.6749610900878906
8.23,Music,0.6749610900878906
8.24,Music,0.6749610900878906
8.25,Music,0.6749610900878906
8.26,Music,0.6749610900878906
8.27,Music,0.6749610900878906
8.28,Music,0.6749610900878906
8.29,Music,0.6749610900878906
8.3,Music,0.6749610900878906
8.31,Music,0.6749610900878906
8.32,Music,0.6924129128456116
8.33,Music,0.6924129128456116
8.34,Music,0.6924129128456116
8.35,Music,0.6924129128456116
8.36,Music,0.6924129128456116
8.37,Music,0.6924129128456116
8.38,Music,0.6924129128456116
8.39,Music,0.6924129128456116
8.4,Music,0.6924129128456116
8.41,Music,0.6924129128456116
8.42,Music,0.6924129128456116
8.43,Music,0.6924129128456116
8.44,Music,0.6924129128456116
8.45,Music,0.6924129128456116
8.46,Music,0.6924129128456116
8.47,Music,0.6924129128456116
8.48,Music,0.6924129128456116
8.49,Music,0.6924129128456116
8.5,Music,0.6924129128456116
8.51,Music,0.6924129128456116
8.52,Music,0.6924129128456116
8.53,Music,0.6924129128456116
8.54,Music,0.6924129128456116
8.55,Music,0.6924129128456116
8.56,Music,0.6924129128456116
8.57,Music,0.6924129128456116
8.58,Music,0.6924129128456116
8.59,Music,0.6924129128456116
8.6,Music,0.6924129128456116
8.61,Music,0.6924129128456116
8.62,Music,0.6924129128456116
8.63,Music,0.6924129128456116
8.64,Music,0.7195762395858765
8.65,Music,0.7195762395858765
8.66,Music,0.7195762395858765
8.67,Music,0.7195762395858765
8.68,Music,0.7195762395858765
8.69,Music,0.7195762395858765
8.7,Music,0.7195762395858765
8.71,Music,0.7195762395858765
8.72,Music,0.7195762395858765
8.73,Music,0.7195762395858765
8.74,Music,0.7195762395858765
8.75,Music,0.7195762395858765
8.76,Music,0.7195762395858765
8.77,Music,0.7195762395858765
8.78,Music,0.7195762395858765
8.79,Music,0.7195762395858765
8.8,Music,0.7195762395858765
8.81,Music,0.7195762395858765
8.82,Music,0.7195762395858765
8.83,Music,0.7195762395858765
8.84,Music,0.7195762395858765
8.85,Music,0.7195762395858765
8.86,Music,0.7195762395858765
8.87,Music,0.7195762395858765
8.88,Music,0.7195762395858765
8.89,Music,0.7195762395858765
8.9,Music,0.7195762395858765
8.91,Music,0.7195762395858765
8.92,Music,0.7195762395858765
8.93,Music,0.7195762395858765
8.94,Music,0.7195762395858765
8.95,Music,0.7195762395858765
8.96,Music,0.7240148782730103
8.97,Music,0.7240148782730103
8.98,Music,0.7240148782730103
8.99,Music,0.7240148782730103
9.0,Music,0.7240148782730103
9.01,Music,0.7240148782730103
9.02,Music,0.7240148782730103
9.03,Music,0.7240148782730103
9.04,Music,0.7240148782730103
9.05,Music,0.7240148782730103
9.06,Music,0.7240148782730103
9.07,Music,0.7240148782730103
9.08,Music,0.7240148782730103
9.09,Music,0.7240148782730103
9.1,Music,0.7240148782730103
9.11,Music,0.7240148782730103
9.12,Music,0.7240148782730103
9.13,Music,0.7240148782730103
9.14,Music,0.7240148782730103
9.15,Music,0.7240148782730103
9.16,Music,0.7240148782730103
9.17,Music,0.7240148782730103
9.18,Music,0.7240148782730103
9.19,Music,0.7240148782730103
9.2,Music,0.7240148782730103
9.21,Music,0.7240148782730103
9.22,Music,0.7240148782730103
9.23,Music,0.7240148782730103
9.24,Music,0.7240148782730103
9.25,Music,0.7240148782730103
9.26,Music,0.7240148782730103
9.27,Music,0.7240148782730103
9.28,Music,0.7277346849441528
9.29,Music,0.7277346849441528
9.3,Music,0.7277346849441528
9.31,Music,0.7277346849441528
9.32,Music,0.7277346849441528
9.33,Music,0.7277346849441528
9.34,Music,0.7277346849441528
9.35,Music,0.7277346849441528
9.36,Music,0.7277346849441528
9.37,Music,0.7277346849441528
9.38,Music,0.7277346849441528
9.39,Music,0.7277346849441528
9.4,Music,0.7277346849441528
9.41,Music,0.7277346849441528
9.42,Music,0.7277346849441528
9.43,Music,0.7277346849441528
9.44,Music,0.7277346849441528
9.45,Music,0.7277346849441528
9.46,Music,0.7277346849441528
9.47,Music,0.7277346849441528
9.48,Music,0.7277346849441528
9.49,Music,0.7277346849441528
9.5,Music,0.7277346849441528
9.51,Music,0.7277346849441528
9.52,Music,0.7277346849441528
9.53,Music,0.7277346849441528
9.54,Music,0.7277346849441528
9.55,Music,0.7277346849441528
9.56,Music,0.7277346849441528
9.57,Music,0.7277346849441528
9.58,Music,0.7277346849441528
9.59,Music,0.7277346849441528
9.6,Music,0.6919620037078857
9.61,Music,0.6919620037078857
9.62,Music,0.6919620037078857
9.63,Music,0.6919620037078857
9.64,Music,0.6919620037078857
9.65,Music,0.6919620037078857
9.66,Music,0.6919620037078857
9.67,Music,0.6919620037078857
9.68,Music,0.6919620037078857
9.69,Music,0.6919620037078857
9.7,Music,0.6919620037078857
9.71,Music,0.6919620037078857
9.72,Music,0.6919620037078857
9.73,Music,0.6919620037078857
9.74,Music,0.6919620037078857
9.75,Music,0.6919620037078857
9.76,Music,0.6919620037078857
9.77,Music,0.6919620037078857
9.78,Music,0.6919620037078857
9.79,Music,0.6919620037078857
9.8,Music,0.6919620037078857
9.81,Music,0.6919620037078857
9.82,Music,0.6919620037078857
9.83,Music,0.6919620037078857
9.84,Music,0.6919620037078857
9.85,Music,0.6919620037078857
9.86,Music,0.6919620037078857
9.87,Music,0.6919620037078857
9.88,Music,0.6919620037078857
9.89,Music,0.6919620037078857
9.9,Music,0.6919620037078857
9.91,Music,0.6919620037078857
9.92,Music,0.6582311987876892
9.93,Music,0.6582311987876892
9.94,Music,0.6582311987876892
9.95,Music,0.6582311987876892
9.96,Music,0.6582311987876892
9.97,Music,0.6582311987876892
9.98,Music,0.6582311987876892
9.99,Music,0.6582311987876892
10.0,Music,0.6582311987876892
10.01,Music,0.6582311987876892
10.02,Music,0.6582311987876892
10.03,Music,0.6582311987876892
10.04,Music,0.6582311987876892
10.05,Music,0.6582311987876892
10.06,Music,0.6582311987876892
10.07,Music,0.6582311987876892
10.08,Music,0.6582311987876892
10.09,Music,0.6582311987876892
10.1,Music,0.6582311987876892
10.11,Music,0.6582311987876892
10.12,Music,0.6582311987876892
10.13,Music,0.6582311987876892
10.14,Music,0.6582311987876892
10.15,Music,0.6582311987876892
10.16,Music,0.6582311987876892
10.17,Music,0.6582311987876892
10.18,Music,0.6582311987876892
10.19,Music,0.6582311987876892
10.2,Music,0.6582311987876892
10.21,Music,0.6582311987876892
10.22,Music,0.6582311987876892
10.23,Music,0.6582311987876892
10.24,Music,0.6356859803199768
10.25,Music,0.6356859803199768
10.26,Music,0.6356859803199768
10.27,Music,0.6356859803199768
10.28,Music,0.6356859803199768
10.29,Music,0.6356859803199768
10.3,Music,0.6356859803199768
10.31,Music,0.6356859803199768
10.32,Music,0.6356859803199768
10.33,Music,0.6356859803199768
10.34,Music,0.6356859803199768
10.35,Music,0.6356859803199768
10.36,Music,0.6356859803199768
10.37,Music,0.6356859803199768
10.38,Music,0.6356859803199768
10.39,Music,0.6356859803199768
10.4,Music,0.6356859803199768
10.41,Music,0.6356859803199768
10.42,Music,0.6356859803199768
10.43,Music,0.6356859803199768
10.44,Music,0.6356859803199768
10.45,Music,0.6356859803199768
10.46,Music,0.6356859803199768
10.47,Music,0.6356859803199768
10.48,Music,0.6356859803199768
10.49,Music,0.6356859803199768
10.5,Music,0.6356859803199768
10.51,Music,0.6356859803199768
10.52,Music,0.6356859803199768
10.53,Music,0.6356859803199768
10.54,Music,0.6356859803199768
10.55,Music,0.6356859803199768
10.56,Music,0.6677951812744141
10.57,Music,0.6677951812744141
10.58,Music,0.6677951812744141
10.59,Music,0.6677951812744141
10.6,Music,0.6677951812744141
10.61,Music,0.6677951812744141
10.62,Music,0.6677951812744141
10.63,Music,0.6677951812744141
10.64,Music,0.6677951812744141
10.65,Music,0.6677951812744141
10.66,Music,0.6677951812744141
10.67,Music,0.6677951812744141
10.68,Music,0.6677951812744141
10.69,Music,0.6677951812744141
10.7,Music,0.6677951812744141
10.71,Music,0.6677951812744141
10.72,Music,0.6677951812744141
10.73,Music,0.6677951812744141
10.74,Music,0.6677951812744141
10.75,Music,0.6677951812744141
10.76,Music,0.6677951812744141
10.77,Music,0.6677951812744141
10.78,Music,0.6677951812744141
10.79,Music,0.6677951812744141
10.8,Music,0.6677951812744141
10.81,Music,0.6677951812744141
10.82,Music,0.6677951812744141
10.83,Music,0.6677951812744141
10.84,Music,0.6677951812744141
10.85,Music,0.6677951812744141
10.86,Music,0.6677951812744141
10.87,Music,0.6677951812744141
10.88,Music,0.687393307685852
10.89,Music,0.687393307685852
10.9,Music,0.687393307685852
10.91,Music,0.687393307685852
10.92,Music,0.687393307685852
10.93,Music,0.687393307685852
10.94,Music,0.687393307685852
10.95,Music,0.687393307685852
10.96,Music,0.687393307685852
10.97,Music,0.687393307685852
10.98,Music,0.687393307685852
10.99,Music,0.687393307685852
11.0,Music,0.687393307685852
11.01,Music,0.687393307685852
11.02,Music,0.687393307685852
11.03,Music,0.687393307685852
11.04,Music,0.687393307685852
11.05,Music,0.687393307685852
11.06,Music,0.687393307685852
11.07,Music,0.687393307685852
11.08,Music,0.687393307685852
11.09,Music,0.687393307685852
11.1,Music,0.687393307685852
11.11,Music,0.687393307685852
11.12,Music,0.687393307685852
11.13,Music,0.687393307685852
11.14,Music,0.687393307685852
11.15,Music,0.687393307685852
11.16,Music,0.687393307685852
11.17,Music,0.687393307685852
11.18,Music,0.687393307685852
11.19,Music,0.687393307685852
11.2,Music,0.7030067443847656
11.21,Music,0.7030067443847656
11.22,Music,0.7030067443847656
11.23,Music,0.7030067443847656
11.24,Music,0.7030067443847656
11.25,Music,0.7030067443847656
11.26,Music,0.7030067443847656
11.27,Music,0.7030067443847656
11.28,Music,0.7030067443847656
11.29,Music,0.7030067443847656
11.3,Music,0.7030067443847656
11.31,Music,0.7030067443847656
11.32,Music,0.7030067443847656
11.33,Music,0.7030067443847656
11.34,Music,0.7030067443847656
11.35,Music,0.7030067443847656
11.36,Music,0.7030067443847656
11.37,Music,0.7030067443847656
11.38,Music,0.7030067443847656
11.39,Music,0.7030067443847656
11.4,Music,0.7030067443847656
11.41,Music,0.7030067443847656
11.42,Music,0.7030067443847656
11.43,Music,0.7030067443847656
11.44,Music,0.7030067443847656
11.45,Music,0.7030067443847656
11.46,Music,0.7030067443847656
11.47,Music,0.7030067443847656
11.48,Music,0.7030067443847656
11.49,Music,0.7030067443847656
11.5,Music,0.7030067443847656
11.51,Music,0.7030067443847656
11.52,Music,0.6989445686340332
11.53,Music,0.6989445686340332
11.54,Music,0.6989445686340332
11.55,Music,0.6989445686340332
11.56,Music,0.6989445686340332
11.57,Music,0.6989445686340332
11.58,Music,0.6989445686340332
11.59,Music,0.6989445686340332
11.6,Music,0.6989445686340332
11.61,Music,0.6989445686340332
11.62,Music,0.6989445686340332
11.63,Music,0.6989445686340332
11.64,Music,0.6989445686340332
11.65,Music,0.6989445686340332
11.66,Music,0.6989445686340332
11.67,Music,0.6989445686340332
11.68,Music,0.6989445686340332
11.69,Music,0.6989445686340332
11.7,Music,0.6989445686340332
11.71,Music,0.6989445686340332
11.72,Music,0.6989445686340332
11.73,Music,0.6989445686340332
11.74,Music,0.6989445686340332
11.75,Music,0.6989445686340332
11.76,Music,0.6989445686340332
11.77,Music,0.6989445686340332
11.78,Music,0.6989445686340332
11.79,Music,0.6989445686340332
11.8,Music,0.6989445686340332
11.81,Music,0.6989445686340332
11.82,Music,0.6989445686340332
11.83,Music,0.6989445686340332
11.84,Music,0.6422659754753113
11.85,Music,0.6422659754753113
11.86,Music,0.6422659754753113
11.87,Music,0.6422659754753113
11.88,Music,0.6422659754753113
11.89,Music,0.6422659754753113
11.9,Music,0.6422659754753113
11.91,Music,0.6422659754753113
11.92,Music,0.6422659754753113
11.93,Music,0.6422659754753113
11.94,Music,0.6422659754753113
11.95,Music,0.6422659754753113
11.96,Music,0.6422659754753113
11.97,Music,0.6422659754753113
11.98,Music,0.6422659754753113
11.99,Music,0.6422659754753113
12.0,Music,0.6422659754753113
12.01,Music,0.6422659754753113
12.02,Music,0.6422659754753113
12.03,Music,0.6422659754753113
12.04,Music,0.6422659754753113
12.05,Music,0.6422659754753113
12.06,Music,0.6422659754753113
12.07,Music,0.6422659754753113
12.08,Music,0.6422659754753113
12.09,Music,0.6422659754753113
12.1,Music,0.6422659754753113
12.11,Music,0.6422659754753113
12.12,Music,0.6422659754753113
12.13,Music,0.6422659754753113
12.14,Music,0.6422659754753113
12.15,Music,0.6422659754753113
12.16,Music,0.5952316522598267
12.17,Music,0.5952316522598267
12.18,Music,0.5952316522598267
12.19,Music,0.5952316522598267
12.2,Music,0.5952316522598267
12.21,Music,0.5952316522598267
12.22,Music,0.5952316522598267
12.23,Music,0.5952316522598267
12.24,Music,0.5952316522598267
12.25,Music,0.5952316522598267
12.26,Music,0.5952316522598267
12.27,Music,0.5952316522598267
12.28,Music,0.5952316522598267
12.29,Music,0.5952316522598267
12.3,Music,0.5952316522598267
12.31,Music,0.5952316522598267
12.32,Music,0.5952316522598267
12.33,Music,0.5952316522598267
12.34,Music,0.5952316522598267
12.35,Music,0.5952316522598267
12.36,Music,0.5952316522598267
12.37,Music,0.5952316522598267
12.38,Music,0.5952316522598267
12.39,Music,0.5952316522598267
12.4,Music,0.5952316522598267
12.41,Music,0.5952316522598267
12.42,Music,0.5952316522598267
12.43,Music,0.5952316522598267
12.44,Music,0.5952316522598267
12.45,Music,0.5952316522598267
12.46,Music,0.5952316522598267
12.47,Music,0.5952316522598267
12.48,Music,0.6099883317947388
12.49,Music,0.6099883317947388
12.5,Music,0.6099883317947388
12.51,Music,0.6099883317947388
12.52,Music,0.6099883317947388
12.53,Music,0.6099883317947388
12.54,Music,0.6099883317947388
12.55,Music,0.6099883317947388
12.56,Music,0.6099883317947388
12.57,Music,0.6099883317947388
12.58,Music,0.6099883317947388
12.59,Music,0.6099883317947388
12.6,Music,0.6099883317947388
12.61,Music,0.6099883317947388
12.62,Music,0.6099883317947388
12.63,Music,0.6099883317947388
12.64,Music,0.6099883317947388
12.65,Music,0.6099883317947388
12.66,Music,0.6099883317947388
12.67,Music,0.6099883317947388
12.68,Music,0.6099883317947388
12.69,Music,0.6099883317947388
12.7,Music,0.6099883317947388
12.71,Music,0.6099883317947388
12.72,Music,0.6099883317947388
12.73,Music,0.6099883317947388
12.74,Music,0.6099883317947388
12.75,Music,0.6099883317947388
12.76,Music,0.6099883317947388
12.77,Music,0.6099883317947388
12.78,Music,0.6099883317947388
12.79,Music,0.6099883317947388
12.8,Music,0.6343181133270264
12.81,Music,0.6343181133270264
12.82,Music,0.6343181133270264
12.83,Music,0.6343181133270264
12.84,Music,0.6343181133270264
12.85,Music,0.6343181133270264
12.86,Music,0.6343181133270264
12.87,Music,0.6343181133270264
12.88,Music,0.6343181133270264
12.89,Music,0.6343181133270264
12.9,Music,0.6343181133270264
12.91,Music,0.6343181133270264
12.92,Music,0.6343181133270264
12.93,Music,0.6343181133270264
12.94,Music,0.6343181133270264
12.95,Music,0.6343181133270264
12.96,Music,0.6343181133270264
12.97,Music,0.6343181133270264
12.98,Music,0.6343181133270264
12.99,Music,0.6343181133270264
13.0,Music,0.6343181133270264
13.01,Music,0.6343181133270264
13.02,Music,0.6343181133270264
13.03,Music,0.6343181133270264
13.04,Music,0.6343181133270264
13.05,Music,0.6343181133270264
13.06,Music,0.6343181133270264
13.07,Music,0.6343181133270264
13.08,Music,0.6343181133270264
13.09,Music,0.6343181133270264
13.1,Music,0.6343181133270264
13.11,Music,0.6343181133270264
13.12,Music,0.6581116318702698
13.13,Music,0.6581116318702698
13.14,Music,0.6581116318702698
13.15,Music,0.6581116318702698
13.16,Music,0.6581116318702698
13.17,Music,0.6581116318702698
13.18,Music,0.6581116318702698
13.19,Music,0.6581116318702698
13.2,Music,0.6581116318702698
13.21,Music,0.6581116318702698
13.22,Music,0.6581116318702698
13.23,Music,0.6581116318702698
13.24,Music,0.6581116318702698
13.25,Music,0.6581116318702698
13.26,Music,0.6581116318702698
13.27,Music,0.6581116318702698
13.28,Music,0.6581116318702698
13.29,Music,0.6581116318702698
13.3,Music,0.6581116318702698
13.31,Music,0.6581116318702698
13.32,Music,0.6581116318702698
13.33,Music,0.6581116318702698
13.34,Music,0.6581116318702698
13.35,Music,0.6581116318702698
13.36,Music,0.6581116318702698
13.37,Music,0.6581116318702698
13.38,Music,0.6581116318702698
13.39,Music,0.6581116318702698
13.4,Music,0.6581116318702698
13.41,Music,0.6581116318702698
13.42,Music,0.6581116318702698
13.43,Music,0.6581116318702698
13.44,Music,0.6707664132118225
13.45,Music,0.6707664132118225
13.46,Music,0.6707664132118225
13.47,Music,0.6707664132118225
13.48,Music,0.6707664132118225
13.49,Music,0.6707664132118225
13.5,Music,0.6707664132118225
13.51,Music,0.6707664132118225
13.52,Music,0.6707664132118225
13.53,Music,0.6707664132118225
13.54,Music,0.6707664132118225
13.55,Music,0.6707664132118225
13.56,Music,0.6707664132118225
13.57,Music,0.6707664132118225
13.58,Music,0.6707664132118225
13.59,Music,0.6707664132118225
13.6,Music,0.6707664132118225
13.61,Music,0.6707664132118225
13.62,Music,0.6707664132118225
13.63,Music,0.6707664132118225
13.64,Music,0.6707664132118225
13.65,Music,0.6707664132118225
13.66,Music,0.6707664132118225
13.67,Music,0.6707664132118225
13.68,Music,0.6707664132118225
13.69,Music,0.6707664132118225
13.7,Music,0.6707664132118225
13.71,Music,0.6707664132118225
13.72,Music,0.6707664132118225
13.73,Music,0.6707664132118225
13.74,Music,0.6707664132118225
13.75,Music,0.6707664132118225
13.76,Music,0.6834158897399902
13.77,Music,0.6834158897399902
13.78,Music,0.6834158897399902
13.79,Music,0.6834158897399902
13.8,Music,0.6834158897399902
13.81,Music,0.6834158897399902
13.82,Music,0.6834158897399902
13.83,Music,0.6834158897399902
13.84,Music,0.6834158897399902
13.85,Music,0.6834158897399902
13.86,Music,0.6834158897399902
13.87,Music,0.6834158897399902
13.88,Music,0.6834158897399902
13.89,Music,0.6834158897399902
13.9,Music,0.6834158897399902
13.91,Music,0.6834158897399902
13.92,Music,0.6834158897399902
13.93,Music,0.6834158897399902
13.94,Music,0.6834158897399902
13.95,Music,0.6834158897399902
13.96,Music,0.6834158897399902
13.97,Music,0.6834158897399902
13.98,Music,0.6834158897399902
13.99,Music,0.6834158897399902
14.0,Music,0.6834158897399902
14.01,Music,0.6834158897399902
14.02,Music,0.6834158897399902
14.03,Music,0.6834158897399902
14.04,Music,0.6834158897399902
14.05,Music,0.6834158897399902
14.06,Music,0.6834158897399902
14.07,Music,0.6834158897399902
14.08,Music,0.6837044358253479
14.09,Music,0.6837044358253479
14.1,Music,0.6837044358253479
14.11,Music,0.6837044358253479
14.12,Music,0.6837044358253479
14.13,Music,0.6837044358253479
14.14,Music,0.6837044358253479
14.15,Music,0.6837044358253479
14.16,Music,0.6837044358253479
14.17,Music,0.6837044358253479
14.18,Music,0.6837044358253479
14.19,Music,0.6837044358253479
14.2,Music,0.6837044358253479
14.21,Music,0.6837044358253479
14.22,Music,0.6837044358253479
14.23,Music,0.6837044358253479
14.24,Music,0.6837044358253479
14.25,Music,0.6837044358253479
14.26,Music,0.6837044358253479
14.27,Music,0.6837044358253479
14.28,Music,0.6837044358253479
14.29,Music,0.6837044358253479
14.3,Music,0.6837044358253479
14.31,Music,0.6837044358253479
14.32,Music,0.6837044358253479
14.33,Music,0.6837044358253479
14.34,Music,0.6837044358253479
14.35,Music,0.6837044358253479
14.36,Music,0.6837044358253479
14.37,Music,0.6837044358253479
14.38,Music,0.6837044358253479
14.39,Music,0.6837044358253479
14.4,Music,0.7069977521896362
14.41,Music,0.7069977521896362
14.42,Music,0.7069977521896362
14.43,Music,0.7069977521896362
14.44,Music,0.7069977521896362
14.45,Music,0.7069977521896362
14.46,Music,0.7069977521896362
14.47,Music,0.7069977521896362
14.48,Music,0.7069977521896362
14.49,Music,0.7069977521896362
14.5,Music,0.7069977521896362
14.51,Music,0.7069977521896362
14.52,Music,0.7069977521896362
14.53,Music,0.7069977521896362
14.54,Music,0.7069977521896362
14.55,Music,0.7069977521896362
14.56,Music,0.7069977521896362
14.57,Music,0.7069977521896362
14.58,Music,0.7069977521896362
14.59,Music,0.7069977521896362
14.6,Music,0.7069977521896362
14.61,Music,0.7069977521896362
14.62,Music,0.7069977521896362
14.63,Music,0.7069977521896362
14.64,Music,0.7069977521896362
14.65,Music,0.7069977521896362
14.66,Music,0.7069977521896362
14.67,Music,0.7069977521896362
14.68,Music,0.7069977521896362
14.69,Music,0.7069977521896362
14.7,Music,0.7069977521896362
14.71,Music,0.7069977521896362
14.72,Music,0.7428833246231079
14.73,Music,0.7428833246231079
14.74,Music,0.7428833246231079
14.75,Music,0.7428833246231079
14.76,Music,0.7428833246231079
14.77,Music,0.7428833246231079
14.78,Music,0.7428833246231079
14.79,Music,0.7428833246231079
14.8,Music,0.7428833246231079
14.81,Music,0.7428833246231079
14.82,Music,0.7428833246231079
14.83,Music,0.7428833246231079
14.84,Music,0.7428833246231079
14.85,Music,0.7428833246231079
14.86,Music,0.7428833246231079
14.87,Music,0.7428833246231079
14.88,Music,0.7428833246231079
14.89,Music,0.7428833246231079
14.9,Music,0.7428833246231079
14.91,Music,0.7428833246231079
14.92,Music,0.7428833246231079
14.93,Music,0.7428833246231079
14.94,Music,0.7428833246231079
14.95,Music,0.7428833246231079
14.96,Music,0.7428833246231079
14.97,Music,0.7428833246231079
14.98,Music,0.7428833246231079
14.99,Music,0.7428833246231079
15.0,Music,0.7428833246231079
15.01,Music,0.7428833246231079
15.02,Music,0.7428833246231079
15.03,Music,0.7428833246231079
15.04,Music,0.7765916585922241
15.05,Music,0.7765916585922241
15.06,Music,0.7765916585922241
15.07,Music,0.7765916585922241
15.08,Music,0.7765916585922241
15.09,Music,0.7765916585922241
15.1,Music,0.7765916585922241
15.11,Music,0.7765916585922241
15.12,Music,0.7765916585922241
15.13,Music,0.7765916585922241
15.14,Music,0.7765916585922241
15.15,Music,0.7765916585922241
15.16,Music,0.7765916585922241
15.17,Music,0.7765916585922241
15.18,Music,0.7765916585922241
15.19,Music,0.7765916585922241
15.2,Music,0.7765916585922241
15.21,Music,0.7765916585922241
15.22,Music,0.7765916585922241
15.23,Music,0.7765916585922241
15.24,Music,0.7765916585922241
15.25,Music,0.7765916585922241
15.26,Music,0.7765916585922241
15.27,Music,0.7765916585922241
15.28,Music,0.7765916585922241
15.29,Music,0.7765916585922241
15.3,Music,0.7765916585922241
15.31,Music,0.7765916585922241
15.32,Music,0.7765916585922241
15.33,Music,0.7765916585922241
15.34,Music,0.7765916585922241
15.35,Music,0.7765916585922241
15.36,Music,0.7743610143661499
15.37,Music,0.7743610143661499
15.38,Music,0.7743610143661499
15.39,Music,0.7743610143661499
15.4,Music,0.7743610143661499
15.41,Music,0.7743610143661499
15.42,Music,0.7743610143661499
15.43,Music,0.7743610143661499
15.44,Music,0.7743610143661499
15.45,Music,0.7743610143661499
15.46,Music,0.7743610143661499
15.47,Music,0.7743610143661499
15.48,Music,0.7743610143661499
15.49,Music,0.7743610143661499
15.5,Music,0.7743610143661499
15.51,Music,0.7743610143661499
15.52,Music,0.7743610143661499
15.53,Music,0.7743610143661499
15.54,Music,0.7743610143661499
15.55,Music,0.7743610143661499
15.56,Music,0.7743610143661499
15.57,Music,0.7743610143661499
15.58,Music,0.7743610143661499
15.59,Music,0.7743610143661499
15.6,Music,0.7743610143661499
15.61,Music,0.7743610143661499
15.62,Music,0.7743610143661499
15.63,Music,0.7743610143661499
15.64,Music,0.7743610143661499
15.65,Music,0.7743610143661499
15.66,Music,0.7743610143661499
15.67,Music,0.7743610143661499
15.68,Music,0.7543440461158752
15.69,Music,0.7543440461158752
15.7,Music,0.7543440461158752
15.71,Music,0.7543440461158752
15.72,Music,0.7543440461158752
15.73,Music,0.7543440461158752
15.74,Music,0.7543440461158752
15.75,Music,0.7543440461158752
15.76,Music,0.7543440461158752
15.77,Music,0.7543440461158752
15.78,Music,0.7543440461158752
15.79,Music,0.7543440461158752
15.8,Music,0.7543440461158752
15.81,Music,0.7543440461158752
15.82,Music,0.7543440461158752
15.83,Music,0.7543440461158752
15.84,Music,0.7543440461158752
15.85,Music,0.7543440461158752
15.86,Music,0.7543440461158752
15.87,Music,0.7543440461158752
15.88,Music,0.7543440461158752
15.89,Music,0.7543440461158752
15.9,Music,0.7543440461158752
15.91,Music,0.7543440461158752
15.92,Music,0.7543440461158752
15.93,Music,0.7543440461158752
15.94,Music,0.7543440461158752
15.95,Music,0.7543440461158752
15.96,Music,0.7543440461158752
15.97,Music,0.7543440461158752
15.98,Music,0.7543440461158752
15.99,Music,0.7543440461158752
16.0,Music,0.68844074010849
16.01,Music,0.68844074010849
16.02,Music,0.68844074010849
16.03,Music,0.68844074010849
16.04,Music,0.68844074010849
16.05,Music,0.68844074010849
16.06,Music,0.68844074010849
16.07,Music,0.68844074010849
16.08,Music,0.68844074010849
16.09,Music,0.68844074010849
16.1,Music,0.68844074010849
16.11,Music,0.68844074010849
16.12,Music,0.68844074010849
16.13,Music,0.68844074010849
16.14,Music,0.68844074010849
16.15,Music,0.68844074010849
16.16,Music,0.68844074010849
16.17,Music,0.68844074010849
16.18,Music,0.68844074010849
16.19,Music,0.68844074010849
16.2,Music,0.68844074010849
16.21,Music,0.68844074010849
16.22,Music,0.68844074010849
16.23,Music,0.68844074010849
16.24,Music,0.68844074010849
16.25,Music,0.68844074010849
16.26,Music,0.68844074010849
16.27,Music,0.68844074010849
16.28,Music,0.68844074010849
16.29,Music,0.68844074010849
16.3,Music,0.68844074010849
16.31,Music,0.68844074010849
16.32,Music,0.689138650894165
16.33,Music,0.689138650894165
16.34,Music,0.689138650894165
16.35,Music,0.689138650894165
16.36,Music,0.689138650894165
16.37,Music,0.689138650894165
16.38,Music,0.689138650894165
16.39,Music,0.689138650894165
16.4,Music,0.689138650894165
16.41,Music,0.689138650894165
16.42,Music,0.689138650894165
16.43,Music,0.689138650894165
16.44,Music,0.689138650894165
16.45,Music,0.689138650894165
16.46,Music,0.689138650894165
16.47,Music,0.689138650894165
16.48,Music,0.689138650894165
16.49,Music,0.689138650894165
16.5,Music,0.689138650894165
16.51,Music,0.689138650894165
16.52,Music,0.689138650894165
16.53,Music,0.689138650894165
16.54,Music,0.689138650894165
16.55,Music,0.689138650894165
16.56,Music,0.689138650894165
16.57,Music,0.689138650894165
16.58,Music,0.689138650894165
16.59,Music,0.689138650894165
16.6,Music,0.689138650894165
16.61,Music,0.689138650894165
16.62,Music,0.689138650894165
16.63,Music,0.689138650894165
16.64,Music,0.7020288109779358
16.65,Music,0.7020288109779358
16.66,Music,0.7020288109779358
16.67,Music,0.7020288109779358
16.68,Music,0.7020288109779358
16.69,Music,0.7020288109779358
16.7,Music,0.7020288109779358
16.71,Music,0.7020288109779358
16.72,Music,0.7020288109779358
16.73,Music,0.7020288109779358
16.74,Music,0.7020288109779358
16.75,Music,0.7020288109779358
16.76,Music,0.7020288109779358
16.77,Music,0.7020288109779358
16.78,Music,0.7020288109779358
16.79,Music,0.7020288109779358
16.8,Music,0.7020288109779358
16.81,Music,0.7020288109779358
16.82,Music,0.7020288109779358
16.83,Music,0.7020288109779358
16.84,Music,0.7020288109779358
16.85,Music,0.7020288109779358
16.86,Music,0.7020288109779358
16.87,Music,0.7020288109779358
16.88,Music,0.7020288109779358
16.89,Music,0.7020288109779358
16.9,Music,0.7020288109779358
16.91,Music,0.7020288109779358
16.92,Music,0.7020288109779358
16.93,Music,0.7020288109779358
16.94,Music,0.7020288109779358
16.95,Music,0.7020288109779358
16.96,Music,0.7200997471809387
16.97,Music,0.7200997471809387
16.98,Music,0.7200997471809387
16.99,Music,0.7200997471809387
17.0,Music,0.7200997471809387
17.01,Music,0.7200997471809387
17.02,Music,0.7200997471809387
17.03,Music,0.7200997471809387
17.04,Music,0.7200997471809387
17.05,Music,0.7200997471809387
17.06,Music,0.7200997471809387
17.07,Music,0.7200997471809387
17.08,Music,0.7200997471809387
17.09,Music,0.7200997471809387
17.1,Music,0.7200997471809387
17.11,Music,0.7200997471809387
17.12,Music,0.7200997471809387
17.13,Music,0.7200997471809387
17.14,Music,0.7200997471809387
17.15,Music,0.7200997471809387
17.16,Music,0.7200997471809387
17.17,Music,0.7200997471809387
17.18,Music,0.7200997471809387
17.19,Music,0.7200997471809387
17.2,Music,0.7200997471809387
17.21,Music,0.7200997471809387
17.22,Music,0.7200997471809387
17.23,Music,0.7200997471809387
17.24,Music,0.7200997471809387
17.25,Music,0.7200997471809387
17.26,Music,0.7200997471809387
17.27,Music,0.7200997471809387
17.28,Music,0.715394914150238
17.29,Music,0.715394914150238
17.3,Music,0.715394914150238
17.31,Music,0.715394914150238
17.32,Music,0.715394914150238
17.33,Music,0.715394914150238
17.34,Music,0.715394914150238
17.35,Music,0.715394914150238
17.36,Music,0.715394914150238
17.37,Music,0.715394914150238
17.38,Music,0.715394914150238
17.39,Music,0.715394914150238
17.4,Music,0.715394914150238
17.41,Music,0.715394914150238
17.42,Music,0.715394914150238
17.43,Music,0.715394914150238
17.44,Music,0.715394914150238
17.45,Music,0.715394914150238
17.46,Music,0.715394914150238
17.47,Music,0.715394914150238
17.48,Music,0.715394914150238
17.49,Music,0.715394914150238
17.5,Music,0.715394914150238
17.51,Music,0.715394914150238
17.52,Music,0.715394914150238
17.53,Music,0.715394914150238
17.54,Music,0.715394914150238
17.55,Music,0.715394914150238
17.56,Music,0.715394914150238
17.57,Music,0.715394914150238
17.58,Music,0.715394914150238
17.59,Music,0.715394914150238
17.6,Music,0.7056825757026672
17.61,Music,0.7056825757026672
17.62,Music,0.7056825757026672
17.63,Music,0.7056825757026672
17.64,Music,0.7056825757026672
17.65,Music,0.7056825757026672
17.66,Music,0.7056825757026672
17.67,Music,0.7056825757026672
17.68,Music,0.7056825757026672
17.69,Music,0.7056825757026672
17.7,Music,0.7056825757026672
17.71,Music,0.7056825757026672
17.72,Music,0.7056825757026672
17.73,Music,0.7056825757026672
17.74,Music,0.7056825757026672
17.75,Music,0.7056825757026672
17.76,Music,0.7056825757026672
17.77,Music,0.7056825757026672
17.78,Music,0.7056825757026672
17.79,Music,0.7056825757026672
17.8,Music,0.7056825757026672
17.81,Music,0.7056825757026672
17.82,Music,0.7056825757026672
17.83,Music,0.7056825757026672
17.84,Music,0.7056825757026672
17.85,Music,0.7056825757026672
17.86,Music,0.7056825757026672
17.87,Music,0.7056825757026672
17.88,Music,0.7056825757026672
17.89,Music,0.7056825757026672
17.9,Music,0.7056825757026672
17.91,Music,0.7056825757026672
17.92,Music,0.6961948871612549
17.93,Music,0.6961948871612549
17.94,Music,0.6961948871612549
17.95,Music,0.6961948871612549
17.96,Music,0.6961948871612549
17.97,Music,0.6961948871612549
17.98,Music,0.6961948871612549
17.99,Music,0.6961948871612549
18.0,Music,0.6961948871612549
18.01,Music,0.6961948871612549
18.02,Music,0.6961948871612549
18.03,Music,0.6961948871612549
18.04,Music,0.6961948871612549
18.05,Music,0.6961948871612549
18.06,Music,0.6961948871612549
18.07,Music,0.6961948871612549
18.08,Music,0.6961948871612549
18.09,Music,0.6961948871612549
18.1,Music,0.6961948871612549
18.11,Music,0.6961948871612549
18.12,Music,0.6961948871612549
18.13,Music,0.6961948871612549
18.14,Music,0.6961948871612549
18.15,Music,0.6961948871612549
18.16,Music,0.6961948871612549
18.17,Music,0.6961948871612549
18.18,Music,0.6961948871612549
18.19,Music,0.6961948871612549
18.2,Music,0.6961948871612549
18.21,Music,0.6961948871612549
18.22,Music,0.6961948871612549
18.23,Music,0.6961948871612549
18.24,Music,0.7033001184463501
18.25,Music,0.7033001184463501
18.26,Music,0.7033001184463501
18.27,Music,0.7033001184463501
18.28,Music,0.7033001184463501
18.29,Music,0.7033001184463501
18.3,Music,0.7033001184463501
18.31,Music,0.7033001184463501
18.32,Music,0.7033001184463501
18.33,Music,0.7033001184463501
18.34,Music,0.7033001184463501
18.35,Music,0.7033001184463501
18.36,Music,0.7033001184463501
18.37,Music,0.7033001184463501
18.38,Music,0.7033001184463501
18.39,Music,0.7033001184463501
18.4,Music,0.7033001184463501
18.41,Music,0.7033001184463501
18.42,Music,0.7033001184463501
18.43,Music,0.7033001184463501
18.44,Music,0.7033001184463501
18.45,Music,0.7033001184463501
18.46,Music,0.7033001184463501
18.47,Music,0.7033001184463501
18.48,Music,0.7033001184463501
18.49,Music,0.7033001184463501
18.5,Music,0.7033001184463501
18.51,Music,0.7033001184463501
18.52,Music,0.7033001184463501
18.53,Music,0.7033001184463501
18.54,Music,0.7033001184463501
18.55,Music,0.7033001184463501
18.56,Music,0.7206560373306274
18.57,Music,0.7206560373306274
18.58,Music,0.7206560373306274
18.59,Music,0.7206560373306274
18.6,Music,0.7206560373306274
18.61,Music,0.7206560373306274
18.62,Music,0.7206560373306274
18.63,Music,0.7206560373306274
18.64,Music,0.7206560373306274
18.65,Music,0.7206560373306274
18.66,Music,0.7206560373306274
18.67,Music,0.7206560373306274
18.68,Music,0.7206560373306274
18.69,Music,0.7206560373306274
18.7,Music,0.7206560373306274
18.71,Music,0.7206560373306274
18.72,Music,0.7206560373306274
18.73,Music,0.7206560373306274
18.74,Music,0.7206560373306274
18.75,Music,0.7206560373306274
18.76,Music,0.7206560373306274
18.77,Music,0.7206560373306274
18.78,Music,0.7206560373306274
18.79,Music,0.7206560373306274
18.8,Music,0.7206560373306274
18.81,Music,0.7206560373306274
18.82,Music,0.7206560373306274
18.83,Music,0.7206560373306274
18.84,Music,0.7206560373306274
18.85,Music,0.7206560373306274
18.86,Music,0.7206560373306274
18.87,Music,0.7206560373306274
18.88,Music,0.7371357083320618
18.89,Music,0.7371357083320618
18.9,Music,0.7371357083320618
18.91,Music,0.7371357083320618
18.92,Music,0.7371357083320618
18.93,Music,0.7371357083320618
18.94,Music,0.7371357083320618
18.95,Music,0.7371357083320618
18.96,Music,0.7371357083320618
18.97,Music,0.7371357083320618
18.98,Music,0.7371357083320618
18.99,Music,0.7371357083320618
19.0,Music,0.7371357083320618
19.01,Music,0.7371357083320618
19.02,Music,0.7371357083320618
19.03,Music,0.7371357083320618
19.04,Music,0.7371357083320618
19.05,Music,0.7371357083320618
19.06,Music,0.7371357083320618
19.07,Music,0.7371357083320618
19.08,Music,0.7371357083320618
19.09,Music,0.7371357083320618
19.1,Music,0.7371357083320618
19.11,Music,0.7371357083320618
19.12,Music,0.7371357083320618
19.13,Music,0.7371357083320618
19.14,Music,0.7371357083320618
19.15,Music,0.7371357083320618
19.16,Music,0.7371357083320618
19.17,Music,0.7371357083320618
19.18,Music,0.7371357083320618
19.19,Music,0.7371357083320618
19.2,Music,0.7541355490684509
19.21,Music,0.7541355490684509
19.22,Music,0.7541355490684509
19.23,Music,0.7541355490684509
19.24,Music,0.7541355490684509
19.25,Music,0.7541355490684509
19.26,Music,0.7541355490684509
19.27,Music,0.7541355490684509
19.28,Music,0.7541355490684509
19.29,Music,0.7541355490684509
19.3,Music,0.7541355490684509
19.31,Music,0.7541355490684509
19.32,Music,0.7541355490684509
19.33,Music,0.7541355490684509
19.34,Music,0.7541355490684509
19.35,Music,0.7541355490684509
19.36,Music,0.7541355490684509
19.37,Music,0.7541355490684509
19.38,Music,0.7541355490684509
19.39,Music,0.7541355490684509
19.4,Music,0.7541355490684509
19.41,Music,0.7541355490684509
19.42,Music,0.7541355490684509
19.43,Music,0.7541355490684509
19.44,Music,0.7541355490684509
19.45,Music,0.7541355490684509
19.46,Music,0.7541355490684509
19.47,Music,0.7541355490684509
19.48,Music,0.7541355490684509
19.49,Music,0.7541355490684509
19.5,Music,0.7541355490684509
19.51,Music,0.7541355490684509
19.52,Music,0.7687333226203918
19.53,Music,0.7687333226203918
19.54,Music,0.7687333226203918
19.55,Music,0.7687333226203918
19.56,Music,0.7687333226203918
19.57,Music,0.7687333226203918
19.58,Music,0.7687333226203918
19.59,Music,0.7687333226203918
19.6,Music,0.7687333226203918
19.61,Music,0.7687333226203918
19.62,Music,0.7687333226203918
19.63,Music,0.7687333226203918
19.64,Music,0.7687333226203918
19.65,Music,0.7687333226203918
19.66,Music,0.7687333226203918
19.67,Music,0.7687333226203918
19.68,Music,0.7687333226203918
19.69,Music,0.7687333226203918
19.7,Music,0.7687333226203918
19.71,Music,0.7687333226203918
19.72,Music,0.7687333226203918
19.73,Music,0.7687333226203918
19.74,Music,0.7687333226203918
19.75,Music,0.7687333226203918
19.76,Music,0.7687333226203918
19.77,Music,0.7687333226203918
19.78,Music,0.7687333226203918
19.79,Music,0.7687333226203918
19.8,Music,0.7687333226203918
19.81,Music,0.7687333226203918
19.82,Music,0.7687333226203918
19.83,Music,0.7687333226203918
19.84,Music,0.7621934413909912
19.85,Music,0.7621934413909912
19.86,Music,0.7621934413909912
19.87,Music,0.7621934413909912
19.88,Music,0.7621934413909912
19.89,Music,0.7621934413909912
19.9,Music,0.7621934413909912
19.91,Music,0.7621934413909912
19.92,Music,0.7621934413909912
19.93,Music,0.7621934413909912
19.94,Music,0.7621934413909912
19.95,Music,0.7621934413909912
19.96,Music,0.7621934413909912
19.97,Music,0.7621934413909912
19.98,Music,0.7621934413909912
19.99,Music,0.7621934413909912
20.0,Music,0.7621934413909912
20.01,Music,0.7621934413909912
20.02,Music,0.7621934413909912
20.03,Music,0.7621934413909912
20.04,Music,0.7621934413909912
20.05,Music,0.7621934413909912
20.06,Music,0.7621934413909912
20.07,Music,0.7621934413909912
20.08,Music,0.7621934413909912
20.09,Music,0.7621934413909912
20.1,Music,0.7621934413909912
20.11,Music,0.7621934413909912
20.12,Music,0.7621934413909912
20.13,Music,0.7621934413909912
20.14,Music,0.7621934413909912
20.15,Music,0.7621934413909912
20.16,Music,0.7328453063964844
20.17,Music,0.7328453063964844
20.18,Music,0.7328453063964844
20.19,Music,0.7328453063964844
20.2,Music,0.7328453063964844
20.21,Music,0.7328453063964844
20.22,Music,0.7328453063964844
20.23,Music,0.7328453063964844
20.24,Music,0.7328453063964844
20.25,Music,0.7328453063964844
20.26,Music,0.7328453063964844
20.27,Music,0.7328453063964844
20.28,Music,0.7328453063964844
20.29,Music,0.7328453063964844
20.3,Music,0.7328453063964844
20.31,Music,0.7328453063964844
20.32,Music,0.7328453063964844
20.33,Music,0.7328453063964844
20.34,Music,0.7328453063964844
20.35,Music,0.7328453063964844
20.36,Music,0.7328453063964844
20.37,Music,0.7328453063964844
20.38,Music,0.7328453063964844
20.39,Music,0.7328453063964844
20.4,Music,0.7328453063964844
20.41,Music,0.7328453063964844
20.42,Music,0.7328453063964844
20.43,Music,0.7328453063964844
20.44,Music,0.7328453063964844
20.45,Music,0.7328453063964844
20.46,Music,0.7328453063964844
20.47,Music,0.7328453063964844
20.48,Music,0.6955190300941467
20.49,Music,0.6955190300941467
20.5,Music,0.6955190300941467
20.51,Music,0.6955190300941467
20.52,Music,0.6955190300941467
20.53,Music,0.6955190300941467
20.54,Music,0.6955190300941467
20.55,Music,0.6955190300941467
20.56,Music,0.6955190300941467
20.57,Music,0.6955190300941467
20.58,Music,0.6955190300941467
20.59,Music,0.6955190300941467
20.6,Music,0.6955190300941467
20.61,Music,0.6955190300941467
20.62,Music,0.6955190300941467
20.63,Music,0.6955190300941467
20.64,Music,0.6955190300941467
20.65,Music,0.6955190300941467
20.66,Music,0.6955190300941467
20.67,Music,0.6955190300941467
20.68,Music,0.6955190300941467
20.69,Music,0.6955190300941467
20.7,Music,0.6955190300941467
20.71,Music,0.6955190300941467
20.72,Music,0.6955190300941467
20.73,Music,0.6955190300941467
20.74,Music,0.6955190300941467
20.75,Music,0.6955190300941467
20.76,Music,0.6955190300941467
20.77,Music,0.6955190300941467
20.78,Music,0.6955190300941467
20.79,Music,0.6955190300941467
20.8,Music,0.6737033724784851
20.81,Music,0.6737033724784851
20.82,Music,0.6737033724784851
20.83,Music,0.6737033724784851
20.84,Music,0.6737033724784851
20.85,Music,0.6737033724784851
20.86,Music,0.6737033724784851
20.87,Music,0.6737033724784851
20.88,Music,0.6737033724784851
20.89,Music,0.6737033724784851
20.9,Music,0.6737033724784851
20.91,Music,0.6737033724784851
20.92,Music,0.6737033724784851
20.93,Music,0.6737033724784851
20.94,Music,0.6737033724784851
20.95,Music,0.6737033724784851
20.96,Music,0.6737033724784851
20.97,Music,0.6737033724784851
20.98,Music,0.6737033724784851
20.99,Music,0.6737033724784851
21.0,Music,0.6737033724784851
21.01,Music,0.6737033724784851
21.02,Music,0.6737033724784851
21.03,Music,0.6737033724784851
21.04,Music,0.6737033724784851
21.05,Music,0.6737033724784851
21.06,Music,0.6737033724784851
21.07,Music,0.6737033724784851
21.08,Music,0.6737033724784851
21.09,Music,0.6737033724784851
21.1,Music,0.6737033724784851
21.11,Music,0.6737033724784851
21.12,Music,0.6759084463119507
21.13,Music,0.6759084463119507
21.14,Music,0.6759084463119507
21.15,Music,0.6759084463119507
21.16,Music,0.6759084463119507
21.17,Music,0.6759084463119507
21.18,Music,0.6759084463119507
21.19,Music,0.6759084463119507
21.2,Music,0.6759084463119507
21.21,Music,0.6759084463119507
21.22,Music,0.6759084463119507
21.23,Music,0.6759084463119507
21.24,Music,0.6759084463119507
21.25,Music,0.6759084463119507
21.26,Music,0.6759084463119507
21.27,Music,0.6759084463119507
21.28,Music,0.6759084463119507
21.29,Music,0.6759084463119507
21.3,Music,0.6759084463119507
21.31,Music,0.6759084463119507
21.32,Music,0.6759084463119507
21.33,Music,0.6759084463119507
21.34,Music,0.6759084463119507
21.35,Music,0.6759084463119507
21.36,Music,0.6759084463119507
21.37,Music,0.6759084463119507
21.38,Music,0.6759084463119507
21.39,Music,0.6759084463119507
21.4,Music,0.6759084463119507
21.41,Music,0.6759084463119507
21.42,Music,0.6759084463119507
21.43,Music,0.6759084463119507
21.44,Music,0.6940098404884338
21.45,Music,0.6940098404884338
21.46,Music,0.6940098404884338
21.47,Music,0.6940098404884338
21.48,Music,0.6940098404884338
21.49,Music,0.6940098404884338
21.5,Music,0.6940098404884338
21.51,Music,0.6940098404884338
21.52,Music,0.6940098404884338
21.53,Music,0.6940098404884338
21.54,Music,0.6940098404884338
21.55,Music,0.6940098404884338
21.56,Music,0.6940098404884338
21.57,Music,0.6940098404884338
21.58,Music,0.6940098404884338
21.59,Music,0.6940098404884338
21.6,Music,0.6940098404884338
21.61,Music,0.6940098404884338
21.62,Music,0.6940098404884338
21.63,Music,0.6940098404884338
21.64,Music,0.6940098404884338
21.65,Music,0.6940098404884338
21.66,Music,0.6940098404884338
21.67,Music,0.6940098404884338
21.68,Music,0.6940098404884338
21.69,Music,0.6940098404884338
21.7,Music,0.6940098404884338
21.71,Music,0.6940098404884338
21.72,Music,0.6940098404884338
21.73,Music,0.6940098404884338
21.74,Music,0.6940098404884338
21.75,Music,0.6940098404884338
21.76,Music,0.7199131846427917
21.77,Music,0.7199131846427917
21.78,Music,0.7199131846427917
21.79,Music,0.7199131846427917
21.8,Music,0.7199131846427917
21.81,Music,0.7199131846427917
21.82,Music,0.7199131846427917
21.83,Music,0.7199131846427917
21.84,Music,0.7199131846427917
21.85,Music,0.7199131846427917
21.86,Music,0.7199131846427917
21.87,Music,0.7199131846427917
21.88,Music,0.7199131846427917
21.89,Music,0.7199131846427917
21.9,Music,0.7199131846427917
21.91,Music,0.7199131846427917
21.92,Music,0.7199131846427917
21.93,Music,0.7199131846427917
21.94,Music,0.7199131846427917
21.95,Music,0.7199131846427917
21.96,Music,0.7199131846427917
21.97,Music,0.7199131846427917
21.98,Music,0.7199131846427917
21.99,Music,0.7199131846427917
22.0,Music,0.7199131846427917
22.01,Music,0.7199131846427917
22.02,Music,0.7199131846427917
22.03,Music,0.7199131846427917
22.04,Music,0.7199131846427917
22.05,Music,0.7199131846427917
22.06,Music,0.7199131846427917
22.07,Music,0.7199131846427917
22.08,Music,0.7411667704582214
22.09,Music,0.7411667704582214
22.1,Music,0.7411667704582214
22.11,Music,0.7411667704582214
22.12,Music,0.7411667704582214
22.13,Music,0.7411667704582214
22.14,Music,0.7411667704582214
22.15,Music,0.7411667704582214
22.16,Music,0.7411667704582214
22.17,Music,0.7411667704582214
22.18,Music,0.7411667704582214
22.19,Music,0.7411667704582214
22.2,Music,0.7411667704582214
22.21,Music,0.7411667704582214
22.22,Music,0.7411667704582214
22.23,Music,0.7411667704582214
22.24,Music,0.7411667704582214
22.25,Music,0.7411667704582214
22.26,Music,0.7411667704582214
22.27,Music,0.7411667704582214
22.28,Music,0.7411667704582214
22.29,Music,0.7411667704582214
22.3,Music,0.7411667704582214
22.31,Music,0.7411667704582214
22.32,Music,0.7411667704582214
22.33,Music,0.7411667704582214
22.34,Music,0.7411667704582214
22.35,Music,0.7411667704582214
22.36,Music,0.7411667704582214
22.37,Music,0.7411667704582214
22.38,Music,0.7411667704582214
22.39,Music,0.7411667704582214
22.4,Music,0.7674303650856018
22.41,Music,0.7674303650856018
22.42,Music,0.7674303650856018
22.43,Music,0.7674303650856018
22.44,Music,0.7674303650856018
22.45,Music,0.7674303650856018
22.46,Music,0.7674303650856018
22.47,Music,0.7674303650856018
22.48,Music,0.7674303650856018
22.49,Music,0.7674303650856018
22.5,Music,0.7674303650856018
22.51,Music,0.7674303650856018
22.52,Music,0.7674303650856018
22.53,Music,0.7674303650856018
22.54,Music,0.7674303650856018
22.55,Music,0.7674303650856018
22.56,Music,0.7674303650856018
22.57,Music,0.7674303650856018
22.58,Music,0.7674303650856018
22.59,Music,0.7674303650856018
22.6,Music,0.7674303650856018
22.61,Music,0.7674303650856018
22.62,Music,0.7674303650856018
22.63,Music,0.7674303650856018
22.64,Music,0.7674303650856018
22.65,Music,0.7674303650856018
22.66,Music,0.7674303650856018
22.67,Music,0.7674303650856018
22.68,Music,0.7674303650856018
22.69,Music,0.7674303650856018
22.7,Music,0.7674303650856018
22.71,Music,0.7674303650856018
22.72,Music,0.754226565361023
22.73,Music,0.754226565361023
22.74,Music,0.754226565361023
22.75,Music,0.754226565361023
22.76,Music,0.754226565361023
22.77,Music,0.754226565361023
22.78,Music,0.754226565361023
22.79,Music,0.754226565361023
22.8,Music,0.754226565361023
22.81,Music,0.754226565361023
22.82,Music,0.754226565361023
22.83,Music,0.754226565361023
22.84,Music,0.754226565361023
22.85,Music,0.754226565361023
22.86,Music,0.754226565361023
22.87,Music,0.754226565361023
22.88,Music,0.754226565361023
22.89,Music,0.754226565361023
22.9,Music,0.754226565361023
22.91,Music,0.754226565361023
22.92,Music,0.754226565361023
22.93,Music,0.754226565361023
22.94,Music,0.754226565361023
22.95,Music,0.754226565361023
22.96,Music,0.754226565361023
22.97,Music,0.754226565361023
22.98,Music,0.754226565361023
22.99,Music,0.754226565361023
23.0,Music,0.754226565361023
23.01,Music,0.754226565361023
23.02,Music,0.754226565361023
23.03,Music,0.754226565361023
23.04,Music,0.7371596097946167
23.05,Music,0.7371596097946167
23.06,Music,0.7371596097946167
23.07,Music,0.7371596097946167
23.08,Music,0.7371596097946167
23.09,Music,0.7371596097946167
23.1,Music,0.7371596097946167
23.11,Music,0.7371596097946167
23.12,Music,0.7371596097946167
23.13,Music,0.7371596097946167
23.14,Music,0.7371596097946167
23.15,Music,0.7371596097946167
23.16,Music,0.7371596097946167
23.17,Music,0.7371596097946167
23.18,Music,0.7371596097946167
23.19,Music,0.7371596097946167
23.2,Music,0.7371596097946167
23.21,Music,0.7371596097946167
23.22,Music,0.7371596097946167
23.23,Music,0.7371596097946167
23.24,Music,0.7371596097946167
23.25,Music,0.7371596097946167
23.26,Music,0.7371596097946167
23.27,Music,0.7371596097946167
23.28,Music,0.7371596097946167
23.29,Music,0.7371596097946167
23.3,Music,0.7371596097946167
23.31,Music,0.7371596097946167
23.32,Music,0.7371596097946167
23.33,Music,0.7371596097946167
23.34,Music,0.7371596097946167
23.35,Music,0.7371596097946167
23.36,Music,0.7363212704658508
23.37,Music,0.7363212704658508
23.38,Music,0.7363212704658508
23.39,Music,0.7363212704658508
23.4,Music,0.7363212704658508
23.41,Music,0.7363212704658508
23.42,Music,0.7363212704658508
23.43,Music,0.7363212704658508
23.44,Music,0.7363212704658508
23.45,Music,0.7363212704658508
23.46,Music,0.7363212704658508
23.47,Music,0.7363212704658508
23.48,Music,0.7363212704658508
23.49,Music,0.7363212704658508
23.5,Music,0.7363212704658508
23.51,Music,0.7363212704658508
23.52,Music,0.7363212704658508
23.53,Music,0.7363212704658508
23.54,Music,0.7363212704658508
23.55,Music,0.7363212704658508
23.56,Music,0.7363212704658508
23.57,Music,0.7363212704658508
23.58,Music,0.7363212704658508
23.59,Music,0.7363212704658508
23.6,Music,0.7363212704658508
23.61,Music,0.7363212704658508
23.62,Music,0.7363212704658508
23.63,Music,0.7363212704658508
23.64,Music,0.7363212704658508
23.65,Music,0.7363212704658508
23.66,Music,0.7363212704658508
23.67,Music,0.7363212704658508
23.68,Music,0.731871485710144
23.69,Music,0.731871485710144
23.7,Music,0.731871485710144
23.71,Music,0.731871485710144
23.72,Music,0.731871485710144
23.73,Music,0.731871485710144
23.74,Music,0.731871485710144
23.75,Music,0.731871485710144
23.76,Music,0.731871485710144
23.77,Music,0.731871485710144
23.78,Music,0.731871485710144
23.79,Music,0.731871485710144
23.8,Music,0.731871485710144
23.81,Music,0.731871485710144
23.82,Music,0.731871485710144
23.83,Music,0.731871485710144
23.84,Music,0.731871485710144
23.85,Music,0.731871485710144
23.86,Music,0.731871485710144
23.87,Music,0.731871485710144
23.88,Music,0.731871485710144
23.89,Music,0.731871485710144
23.9,Music,0.731871485710144
23.91,Music,0.731871485710144
23.92,Music,0.731871485710144
23.93,Music,0.731871485710144
23.94,Music,0.731871485710144
23.95,Music,0.731871485710144
23.96,Music,0.731871485710144
23.97,Music,0.731871485710144
23.98,Music,0.731871485710144
23.99,Music,0.731871485710144
24.0,Music,0.7352748513221741
24.01,Music,0.7352748513221741
24.02,Music,0.7352748513221741
24.03,Music,0.7352748513221741
24.04,Music,0.7352748513221741
24.05,Music,0.7352748513221741
24.06,Music,0.7352748513221741
24.07,Music,0.7352748513221741
24.08,Music,0.7352748513221741
24.09,Music,0.7352748513221741
24.1,Music,0.7352748513221741
24.11,Music,0.7352748513221741
24.12,Music,0.7352748513221741
24.13,Music,0.7352748513221741
24.14,Music,0.7352748513221741
24.15,Music,0.7352748513221741
24.16,Music,0.7352748513221741
24.17,Music,0.7352748513221741
24.18,Music,0.7352748513221741
24.19,Music,0.7352748513221741
24.2,Music,0.7352748513221741
24.21,Music,0.7352748513221741
24.22,Music,0.7352748513221741
24.23,Music,0.7352748513221741
24.24,Music,0.7352748513221741
24.25,Music,0.7352748513221741
24.26,Music,0.7352748513221741
24.27,Music,0.7352748513221741
24.28,Music,0.7352748513221741
24.29,Music,0.7352748513221741
24.3,Music,0.7352748513221741
24.31,Music,0.7352748513221741
24.32,Music,0.7305700182914734
24.33,Music,0.7305700182914734
24.34,Music,0.7305700182914734
24.35,Music,0.7305700182914734
24.36,Music,0.7305700182914734
24.37,Music,0.7305700182914734
24.38,Music,0.7305700182914734
24.39,Music,0.7305700182914734
24.4,Music,0.7305700182914734
24.41,Music,0.7305700182914734
24.42,Music,0.7305700182914734
24.43,Music,0.7305700182914734
24.44,Music,0.7305700182914734
24.45,Music,0.7305700182914734
24.46,Music,0.7305700182914734
24.47,Music,0.7305700182914734
24.48,Music,0.7305700182914734
24.49,Music,0.7305700182914734
24.5,Music,0.7305700182914734
24.51,Music,0.7305700182914734
24.52,Music,0.7305700182914734
24.53,Music,0.7305700182914734
24.54,Music,0.7305700182914734
24.55,Music,0.7305700182914734
24.56,Music,0.7305700182914734
24.57,Music,0.7305700182914734
24.58,Music,0.7305700182914734
24.59,Music,0.7305700182914734
24.6,Music,0.7305700182914734
24.61,Music,0.7305700182914734
24.62,Music,0.7305700182914734
24.63,Music,0.7305700182914734
24.64,Music,0.7423214912414551
24.65,Music,0.7423214912414551
24.66,Music,0.7423214912414551
24.67,Music,0.7423214912414551
24.68,Music,0.7423214912414551
24.69,Music,0.7423214912414551
24.7,Music,0.7423214912414551
24.71,Music,0.7423214912414551
24.72,Music,0.7423214912414551
24.73,Music,0.7423214912414551
24.74,Music,0.7423214912414551
24.75,Music,0.7423214912414551
24.76,Music,0.7423214912414551
24.77,Music,0.7423214912414551
24.78,Music,0.7423214912414551
24.79,Music,0.7423214912414551
24.8,Music,0.7423214912414551
24.81,Music,0.7423214912414551
24.82,Music,0.7423214912414551
24.83,Music,0.7423214912414551
24.84,Music,0.7423214912414551
24.85,Music,0.7423214912414551
24.86,Music,0.7423214912414551
24.87,Music,0.7423214912414551
24.88,Music,0.7423214912414551
24.89,Music,0.7423214912414551
24.9,Music,0.7423214912414551
24.91,Music,0.7423214912414551
24.92,Music,0.7423214912414551
24.93,Music,0.7423214912414551
24.94,Music,0.7423214912414551
24.95,Music,0.7423214912414551
24.96,Music,0.7673002481460571
24.97,Music,0.7673002481460571
24.98,Music,0.7673002481460571
24.99,Music,0.7673002481460571
25.0,Music,0.7673002481460571
25.01,Music,0.7673002481460571
25.02,Music,0.7673002481460571
25.03,Music,0.7673002481460571
25.04,Music,0.7673002481460571
25.05,Music,0.7673002481460571
25.06,Music,0.7673002481460571
25.07,Music,0.7673002481460571
25.08,Music,0.7673002481460571
25.09,Music,0.7673002481460571
25.1,Music,0.7673002481460571
25.11,Music,0.7673002481460571
25.12,Music,0.7673002481460571
25.13,Music,0.7673002481460571
25.14,Music,0.7673002481460571
25.15,Music,0.7673002481460571
25.16,Music,0.7673002481460571
25.17,Music,0.7673002481460571
25.18,Music,0.7673002481460571
25.19,Music,0.7673002481460571
25.2,Music,0.7673002481460571
25.21,Music,0.7673002481460571
25.22,Music,0.7673002481460571
25.23,Music,0.7673002481460571
25.24,Music,0.7673002481460571
25.25,Music,0.7673002481460571
25.26,Music,0.7673002481460571
25.27,Music,0.7673002481460571
25.28,Music,0.7639256715774536
25.29,Music,0.7639256715774536
25.3,Music,0.7639256715774536
25.31,Music,0.7639256715774536
25.32,Music,0.7639256715774536
25.33,Music,0.7639256715774536
25.34,Music,0.7639256715774536
25.35,Music,0.7639256715774536
25.36,Music,0.7639256715774536
25.37,Music,0.7639256715774536
25.38,Music,0.7639256715774536
25.39,Music,0.7639256715774536
25.4,Music,0.7639256715774536
25.41,Music,0.7639256715774536
25.42,Music,0.7639256715774536
25.43,Music,0.7639256715774536
25.44,Music,0.7639256715774536
25.45,Music,0.7639256715774536
25.46,Music,0.7639256715774536
25.47,Music,0.7639256715774536
25.48,Music,0.7639256715774536
25.49,Music,0.7639256715774536
25.5,Music,0.7639256715774536
25.51,Music,0.7639256715774536
25.52,Music,0.7639256715774536
25.53,Music,0.7639256715774536
25.54,Music,0.7639256715774536
25.55,Music,0.7639256715774536
25.56,Music,0.7639256715774536
25.57,Music,0.7639256715774536
25.58,Music,0.7639256715774536
25.59,Music,0.7639256715774536
25.6,Music,0.759733259677887
25.61,Music,0.759733259677887
25.62,Music,0.759733259677887
25.63,Music,0.759733259677887
25.64,Music,0.759733259677887
25.65,Music,0.759733259677887
25.66,Music,0.759733259677887
25.67,Music,0.759733259677887
25.68,Music,0.759733259677887
25.69,Music,0.759733259677887
25.7,Music,0.759733259677887
25.71,Music,0.759733259677887
25.72,Music,0.759733259677887
25.73,Music,0.759733259677887
25.74,Music,0.759733259677887
25.75,Music,0.759733259677887
25.76,Music,0.759733259677887
25.77,Music,0.759733259677887
25.78,Music,0.759733259677887
25.79,Music,0.759733259677887
25.8,Music,0.759733259677887
25.81,Music,0.759733259677887
25.82,Music,0.759733259677887
25.83,Music,0.759733259677887
25.84,Music,0.759733259677887
25.85,Music,0.759733259677887
25.86,Music,0.759733259677887
25.87,Music,0.759733259677887
25.88,Music,0.759733259677887
25.89,Music,0.759733259677887
25.9,Music,0.759733259677887
25.91,Music,0.759733259677887
25.92,Music,0.7234782576560974
25.93,Music,0.7234782576560974
25.94,Music,0.7234782576560974
25.95,Music,0.7234782576560974
25.96,Music,0.7234782576560974
25.97,Music,0.7234782576560974
25.98,Music,0.7234782576560974
25.99,Music,0.7234782576560974
26.0,Music,0.7234782576560974
26.01,Music,0.7234782576560974
26.02,Music,0.7234782576560974
26.03,Music,0.7234782576560974
26.04,Music,0.7234782576560974
26.05,Music,0.7234782576560974
26.06,Music,0.7234782576560974
26.07,Music,0.7234782576560974
26.08,Music,0.7234782576560974
26.09,Music,0.7234782576560974
26.1,Music,0.7234782576560974
26.11,Music,0.7234782576560974
26.12,Music,0.7234782576560974
26.13,Music,0.7234782576560974
26.14,Music,0.7234782576560974
26.15,Music,0.7234782576560974
26.16,Music,0.7234782576560974
26.17,Music,0.7234782576560974
26.18,Music,0.7234782576560974
26.19,Music,0.7234782576560974
26.2,Music,0.7234782576560974
26.21,Music,0.7234782576560974
26.22,Music,0.7234782576560974
26.23,Music,0.7234782576560974
26.24,Music,0.7126882076263428
26.25,Music,0.7126882076263428
26.26,Music,0.7126882076263428
26.27,Music,0.7126882076263428
26.28,Music,0.7126882076263428
26.29,Music,0.7126882076263428
26.3,Music,0.7126882076263428
26.31,Music,0.7126882076263428
26.32,Music,0.7126882076263428
26.33,Music,0.7126882076263428
26.34,Music,0.7126882076263428
26.35,Music,0.7126882076263428
26.36,Music,0.7126882076263428
26.37,Music,0.7126882076263428
26.38,Music,0.7126882076263428
26.39,Music,0.7126882076263428
26.4,Music,0.7126882076263428
26.41,Music,0.7126882076263428
26.42,Music,0.7126882076263428
26.43,Music,0.7126882076263428
26.44,Music,0.7126882076263428
26.45,Music,0.7126882076263428
26.46,Music,0.7126882076263428
26.47,Music,0.7126882076263428
26.48,Music,0.7126882076263428
26.49,Music,0.7126882076263428
26.5,Music,0.7126882076263428
26.51,Music,0.7126882076263428
26.52,Music,0.7126882076263428
26.53,Music,0.7126882076263428
26.54,Music,0.7126882076263428
26.55,Music,0.7126882076263428
26.56,Music,0.7455286383628845
26.57,Music,0.7455286383628845
26.58,Music,0.7455286383628845
26.59,Music,0.7455286383628845
26.6,Music,0.7455286383628845
26.61,Music,0.7455286383628845
26.62,Music,0.7455286383628845
26.63,Music,0.7455286383628845
26.64,Music,0.7455286383628845
26.65,Music,0.7455286383628845
26.66,Music,0.7455286383628845
26.67,Music,0.7455286383628845
26.68,Music,0.7455286383628845
26.69,Music,0.7455286383628845
26.7,Music,0.7455286383628845
26.71,Music,0.7455286383628845
26.72,Music,0.7455286383628845
26.73,Music,0.7455286383628845
26.74,Music,0.7455286383628845
26.75,Music,0.7455286383628845
26.76,Music,0.7455286383628845
26.77,Music,0.7455286383628845
26.78,Music,0.7455286383628845
26.79,Music,0.7455286383628845
26.8,Music,0.7455286383628845
26.81,Music,0.7455286383628845
26.82,Music,0.7455286383628845
26.83,Music,0.7455286383628845
26.84,Music,0.7455286383628845
26.85,Music,0.7455286383628845
26.86,Music,0.7455286383628845
26.87,Music,0.7455286383628845
26.88,Music,0.7473359107971191
26.89,Music,0.7473359107971191
26.9,Music,0.7473359107971191
26.91,Music,0.7473359107971191
26.92,Music,0.7473359107971191
26.93,Music,0.7473359107971191
26.94,Music,0.7473359107971191
26.95,Music,0.7473359107971191
26.96,Music,0.7473359107971191
26.97,Music,0.7473359107971191
26.98,Music,0.7473359107971191
26.99,Music,0.7473359107971191
27.0,Music,0.7473359107971191
27.01,Music,0.7473359107971191
27.02,Music,0.7473359107971191
27.03,Music,0.7473359107971191
27.04,Music,0.7473359107971191
27.05,Music,0.7473359107971191
27.06,Music,0.7473359107971191
27.07,Music,0.7473359107971191
27.08,Music,0.7473359107971191
27.09,Music,0.7473359107971191
27.1,Music,0.7473359107971191
27.11,Music,0.7473359107971191
27.12,Music,0.7473359107971191
27.13,Music,0.7473359107971191
27.14,Music,0.7473359107971191
27.15,Music,0.7473359107971191
27.16,Music,0.7473359107971191
27.17,Music,0.7473359107971191
27.18,Music,0.7473359107971191
27.19,Music,0.7473359107971191
27.2,Music,0.7292493581771851
27.21,Music,0.7292493581771851
27.22,Music,0.7292493581771851
27.23,Music,0.7292493581771851
27.24,Music,0.7292493581771851
27.25,Music,0.7292493581771851
27.26,Music,0.7292493581771851
27.27,Music,0.7292493581771851
27.28,Music,0.7292493581771851
27.29,Music,0.7292493581771851
27.3,Music,0.7292493581771851
27.31,Music,0.7292493581771851
27.32,Music,0.7292493581771851
27.33,Music,0.7292493581771851
27.34,Music,0.7292493581771851
27.35,Music,0.7292493581771851
27.36,Music,0.7292493581771851
27.37,Music,0.7292493581771851
27.38,Music,0.7292493581771851
27.39,Music,0.7292493581771851
27.4,Music,0.7292493581771851
27.41,Music,0.7292493581771851
27.42,Music,0.7292493581771851
27.43,Music,0.7292493581771851
27.44,Music,0.7292493581771851
27.45,Music,0.7292493581771851
27.46,Music,0.7292493581771851
27.47,Music,0.7292493581771851
27.48,Music,0.7292493581771851
27.49,Music,0.7292493581771851
27.5,Music,0.7292493581771851
27.51,Music,0.7292493581771851
27.52,Music,0.724502444267273
27.53,Music,0.724502444267273
27.54,Music,0.724502444267273
27.55,Music,0.724502444267273
27.56,Music,0.724502444267273
27.57,Music,0.724502444267273
27.58,Music,0.724502444267273
27.59,Music,0.724502444267273
27.6,Music,0.724502444267273
27.61,Music,0.724502444267273
27.62,Music,0.724502444267273
27.63,Music,0.724502444267273
27.64,Music,0.724502444267273
27.65,Music,0.724502444267273
27.66,Music,0.724502444267273
27.67,Music,0.724502444267273
27.68,Music,0.724502444267273
27.69,Music,0.724502444267273
27.7,Music,0.724502444267273
27.71,Music,0.724502444267273
27.72,Music,0.724502444267273
27.73,Music,0.724502444267273
27.74,Music,0.724502444267273
27.75,Music,0.724502444267273
27.76,Music,0.724502444267273
27.77,Music,0.724502444267273
27.78,Music,0.724502444267273
27.79,Music,0.724502444267273
27.8,Music,0.724502444267273
27.81,Music,0.724502444267273
27.82,Music,0.724502444267273
27.83,Music,0.724502444267273
27.84,Music,0.707328200340271
27.85,Music,0.707328200340271
27.86,Music,0.707328200340271
27.87,Music,0.707328200340271
27.88,Music,0.707328200340271
27.89,Music,0.707328200340271
27.9,Music,0.707328200340271
27.91,Music,0.707328200340271
27.92,Music,0.707328200340271
27.93,Music,0.707328200340271
27.94,Music,0.707328200340271
27.95,Music,0.707328200340271
27.96,Music,0.707328200340271
27.97,Music,0.707328200340271
27.98,Music,0.707328200340271
27.99,Music,0.707328200340271
28.0,Music,0.707328200340271
28.01,Music,0.707328200340271
28.02,Music,0.707328200340271
28.03,Music,0.707328200340271
28.04,Music,0.707328200340271
28.05,Music,0.707328200340271
28.06,Music,0.707328200340271
28.07,Music,0.707328200340271
28.08,Music,0.707328200340271
28.09,Music,0.707328200340271
28.1,Music,0.707328200340271
28.11,Music,0.707328200340271
28.12,Music,0.707328200340271
28.13,Music,0.707328200340271
28.14,Music,0.707328200340271
28.15,Music,0.707328200340271
28.16,Music,0.6863653659820557
28.17,Music,0.6863653659820557
28.18,Music,0.6863653659820557
28.19,Music,0.6863653659820557
28.2,Music,0.6863653659820557
28.21,Music,0.6863653659820557
28.22,Music,0.6863653659820557
28.23,Music,0.6863653659820557
28.24,Music,0.6863653659820557
28.25,Music,0.6863653659820557
28.26,Music,0.6863653659820557
28.27,Music,0.6863653659820557
28.28,Music,0.6863653659820557
28.29,Music,0.6863653659820557
28.3,Music,0.6863653659820557
28.31,Music,0.6863653659820557
28.32,Music,0.6863653659820557
28.33,Music,0.6863653659820557
28.34,Music,0.6863653659820557
28.35,Music,0.6863653659820557
28.36,Music,0.6863653659820557
28.37,Music,0.6863653659820557
28.38,Music,0.6863653659820557
28.39,Music,0.6863653659820557
28.4,Music,0.6863653659820557
28.41,Music,0.6863653659820557
28.42,Music,0.6863653659820557
28.43,Music,0.6863653659820557
28.44,Music,0.6863653659820557
28.45,Music,0.6863653659820557
28.46,Music,0.6863653659820557
28.47,Music,0.6863653659820557
28.48,Music,0.6368474364280701
28.49,Music,0.6368474364280701
28.5,Music,0.6368474364280701
28.51,Music,0.6368474364280701
28.52,Music,0.6368474364280701
28.53,Music,0.6368474364280701
28.54,Music,0.6368474364280701
28.55,Music,0.6368474364280701
28.56,Music,0.6368474364280701
28.57,Music,0.6368474364280701
28.58,Music,0.6368474364280701
28.59,Music,0.6368474364280701
28.6,Music,0.6368474364280701
28.61,Music,0.6368474364280701
28.62,Music,0.6368474364280701
28.63,Music,0.6368474364280701
28.64,Music,0.6368474364280701
28.65,Music,0.6368474364280701
28.66,Music,0.6368474364280701
28.67,Music,0.6368474364280701
28.68,Music,0.6368474364280701
28.69,Music,0.6368474364280701
28.7,Music,0.6368474364280701
28.71,Music,0.6368474364280701
28.72,Music,0.6368474364280701
28.73,Music,0.6368474364280701
28.74,Music,0.6368474364280701
28.75,Music,0.6368474364280701
28.76,Music,0.6368474364280701
28.77,Music,0.6368474364280701
28.78,Music,0.6368474364280701
28.79,Music,0.6368474364280701
28.8,Music,0.5766934156417847
28.81,Music,0.5766934156417847
28.82,Music,0.5766934156417847
28.83,Music,0.5766934156417847
28.84,Music,0.5766934156417847
28.85,Music,0.5766934156417847
28.86,Music,0.5766934156417847
28.87,Music,0.5766934156417847
28.88,Music,0.5766934156417847
28.89,Music,0.5766934156417847
28.9,Music,0.5766934156417847
28.91,Music,0.5766934156417847
28.92,Music,0.5766934156417847
28.93,Music,0.5766934156417847
28.94,Music,0.5766934156417847
28.95,Music,0.5766934156417847
28.96,Music,0.5766934156417847
28.97,Music,0.5766934156417847
28.98,Music,0.5766934156417847
28.99,Music,0.5766934156417847
29.0,Music,0.5766934156417847
29.01,Music,0.5766934156417847
29.02,Music,0.5766934156417847
29.03,Music,0.5766934156417847
29.04,Music,0.5766934156417847
29.05,Music,0.5766934156417847
29.06,Music,0.5766934156417847
29.07,Music,0.5766934156417847
29.08,Music,0.5766934156417847
29.09,Music,0.5766934156417847
29.1,Music,0.5766934156417847
29.11,Music,0.5766934156417847
29.12,Music,0.5341353416442871
29.13,Music,0.5341353416442871
29.14,Music,0.5341353416442871
29.15,Music,0.5341353416442871
29.16,Music,0.5341353416442871
29.17,Music,0.5341353416442871
29.18,Music,0.5341353416442871
29.19,Music,0.5341353416442871
29.2,Music,0.5341353416442871
29.21,Music,0.5341353416442871
29.22,Music,0.5341353416442871
29.23,Music,0.5341353416442871
29.24,Music,0.5341353416442871
29.25,Music,0.5341353416442871
29.26,Music,0.5341353416442871
29.27,Music,0.5341353416442871
29.28,Music,0.5341353416442871
29.29,Music,0.5341353416442871
29.3,Music,0.5341353416442871
29.31,Music,0.5341353416442871
29.32,Music,0.5341353416442871
29.33,Music,0.5341353416442871
29.34,Music,0.5341353416442871
29.35,Music,0.5341353416442871
29.36,Music,0.5341353416442871
29.37,Music,0.5341353416442871
29.38,Music,0.5341353416442871
29.39,Music,0.5341353416442871
29.4,Music,0.5341353416442871
29.41,Music,0.5341353416442871
29.42,Music,0.5341353416442871
29.43,Music,0.5341353416442871
29.44,Music,0.5338532328605652
29.45,Music,0.5338532328605652
29.46,Music,0.5338532328605652
29.47,Music,0.5338532328605652
29.48,Music,0.5338532328605652
29.49,Music,0.5338532328605652
29.5,Music,0.5338532328605652
29.51,Music,0.5338532328605652
29.52,Music,0.5338532328605652
29.53,Music,0.5338532328605652
29.54,Music,0.5338532328605652
29.55,Music,0.5338532328605652
29.56,Music,0.5338532328605652
29.57,Music,0.5338532328605652
29.58,Music,0.5338532328605652
29.59,Music,0.5338532328605652
29.6,Music,0.5338532328605652
29.61,Music,0.5338532328605652
29.62,Music,0.5338532328605652
29.63,Music,0.5338532328605652
29.64,Music,0.5338532328605652
29.65,Music,0.5338532328605652
29.66,Music,0.5338532328605652
29.67,Music,0.5338532328605652
29.68,Music,0.5338532328605652
29.69,Music,0.5338532328605652
29.7,Music,0.5338532328605652
29.71,Music,0.5338532328605652
29.72,Music,0.5338532328605652
29.73,Music,0.5338532328605652
29.74,Music,0.5338532328605652
29.75,Music,0.5338532328605652
29.76,Music,0.5449703931808472
29.77,Music,0.5449703931808472
29.78,Music,0.5449703931808472
29.79,Music,0.5449703931808472
29.8,Music,0.5449703931808472
29.81,Music,0.5449703931808472
29.82,Music,0.5449703931808472
29.83,Music,0.5449703931808472
29.84,Music,0.5449703931808472
29.85,Music,0.5449703931808472
29.86,Music,0.5449703931808472
29.87,Music,0.5449703931808472
29.88,Music,0.5449703931808472
29.89,Music,0.5449703931808472
29.9,Music,0.5449703931808472
29.91,Music,0.5449703931808472
29.92,Music,0.5449703931808472
29.93,Music,0.5449703931808472
29.94,Music,0.5449703931808472
29.95,Music,0.5449703931808472
29.96,Music,0.5449703931808472
29.97,Music,0.5449703931808472
29.98,Music,0.5449703931808472
29.99,Music,0.5449703931808472
30.0,Music,0.5449703931808472
30.01,Music,0.5449703931808472
30.02,Music,0.5449703931808472
30.03,Music,0.5449703931808472
30.04,Music,0.5449703931808472
30.05,Music,0.5449703931808472
30.06,Music,0.5449703931808472
30.07,Music,0.5449703931808472
30.08,Music,0.5513962507247925
30.09,Music,0.5513962507247925
30.1,Music,0.5513962507247925
30.11,Music,0.5513962507247925
30.12,Music,0.5513962507247925
30.13,Music,0.5513962507247925
30.14,Music,0.5513962507247925
30.15,Music,0.5513962507247925
30.16,Music,0.5513962507247925
30.17,Music,0.5513962507247925
30.18,Music,0.5513962507247925
30.19,Music,0.5513962507247925
30.2,Music,0.5513962507247925
30.21,Music,0.5513962507247925
30.22,Music,0.5513962507247925
30.23,Music,0.5513962507247925
30.24,Music,0.5513962507247925
30.25,Music,0.5513962507247925
30.26,Music,0.5513962507247925
30.27,Music,0.5513962507247925
30.28,Music,0.5513962507247925
30.29,Music,0.5513962507247925
30.3,Music,0.5513962507247925
30.31,Music,0.5513962507247925
30.32,Music,0.5513962507247925
30.33,Music,0.5513962507247925
30.34,Music,0.5513962507247925
30.35,Music,0.5513962507247925
30.36,Music,0.5513962507247925
30.37,Music,0.5513962507247925
30.38,Music,0.5513962507247925
30.39,Music,0.5513962507247925
30.4,Music,0.5210652947425842
30.41,Music,0.5210652947425842
30.42,Music,0.5210652947425842
30.43,Music,0.5210652947425842
30.44,Music,0.5210652947425842
30.45,Music,0.5210652947425842
30.46,Music,0.5210652947425842
30.47,Music,0.5210652947425842
30.48,Music,0.5210652947425842
30.49,Music,0.5210652947425842
30.5,Music,0.5210652947425842
30.51,Music,0.5210652947425842
30.52,Music,0.5210652947425842
30.53,Music,0.5210652947425842
30.54,Music,0.5210652947425842
30.55,Music,0.5210652947425842
30.56,Music,0.5210652947425842
30.57,Music,0.5210652947425842
30.58,Music,0.5210652947425842
30.59,Music,0.5210652947425842
30.6,Music,0.5210652947425842
30.61,Music,0.5210652947425842
30.62,Music,0.5210652947425842
30.63,Music,0.5210652947425842
30.64,Music,0.5210652947425842
30.65,Music,0.5210652947425842
30.66,Music,0.5210652947425842
30.67,Music,0.5210652947425842
30.68,Music,0.5210652947425842
30.69,Music,0.5210652947425842
30.7,Music,0.5210652947425842
30.71,Music,0.5210652947425842
30.72,Music,0.5210652947425842
30.73,Music,0.5210652947425842
30.74,Music,0.5210652947425842
30.75,Music,0.5210652947425842
30.76,Music,0.5210652947425842
30.77,Music,0.5210652947425842
30.78,Music,0.5210652947425842
